,id,danceability,energy,key,loudness,mode,speechiness,acousticness,instrumentalness,liveness,valence,tempo,duration_ms
0,0hh6usshPzFf6j0lGkhMs3,0.71,0.614,5,-17.7,1,0.961,0.987,0.949,0.242,0.342,60.896,16293
1,1LfczmVqfIKzd8nvXuciNx,0.592,0.837,8,-4.341,1,0.17,0.00633,0.0,0.12,0.287,121.897,234187
2,0IyG7WLQATXdS5o5Tk3ZXO,0.382,0.301,5,-6.972,1,0.0319,0.863,0.0,0.13,0.385,134.074,151000
3,0HeWjqONpLAHig0hf1dIgL,0.69,0.58,0,-4.395,1,0.199,0.0328,0.0,0.328,0.708,197.635,177627
4,6toBEs42KExYtyPzlEf4eu,0.547,0.724,2,-4.299,0,0.201,0.0861,0.0,0.354,0.389,86.949,185640
5,18I7HIzT4GwEzp9jJ8KoFe,0.721,0.772,10,-4.506,0,0.19,0.598,0.000204,0.19,0.483,76.928,144956
6,2n7ZgAFCI2F9MtKBq60Ss4,0.661,0.832,1,-5.386,0,0.0979,0.314,8.83e-06,0.319,0.416,96.143,169920
7,1B7qwIcI3gbPS5Mm4CBLjD,0.871,0.845,1,-2.931,1,0.086,0.163,2.94e-06,0.0558,0.681,122.903,155454
8,1CNAp96nVFtzG0L48rDGnZ,0.513,0.737,0,-5.023,0,0.0393,0.0792,7.82e-05,0.108,0.115,138.032,248232
9,5ONDwiSzjziWVwmxRZCen6,0.573,0.551,0,-7.535,1,0.0335,0.0502,0.0,0.124,0.19,129.932,235698
10,5XJWvtPzYIST3qfMiiFsQZ,0.728,0.711,8,-6.498,1,0.242,0.161,3.05e-06,0.137,0.422,101.198,130571
11,11AwO3WYjBnabDK9qiA30B,0.56,0.618,5,-5.175,0,0.232,0.0925,0.0,0.367,0.727,101.119,91960
12,7sm0mCPk9si3MQ8706IrOT,0.426,0.499,11,-8.306,1,0.0599,0.0738,0.0,0.407,0.296,179.83,228890
13,5KA3dYKykvZW5KBEpSTmOL,0.767,0.62,9,-5.406,0,0.0424,0.0893,0.000122,0.267,0.585,124.972,163893
14,4AanOfVKkQKYRe4nbcaVaG,0.833,0.817,11,-4.147,0,0.047,0.248,0.00097,0.0714,0.363,94.974,162013
15,7MBdtBJvyn90mXqTOqI8PA,0.507,0.182,7,-11.166,1,0.0353,0.944,0.00138,0.444,0.394,76.007,62423
16,6iKFebFmd3r98aV2QOS9RG,0.533,0.596,2,-6.185,1,0.0474,0.336,0.0,0.126,0.313,125.937,145000
17,20uXZyneJq8QjX8dPVI4ut,0.858,0.751,7,-5.254,1,0.218,0.0257,0.0439,0.0907,0.169,92.045,102680
18,6nLBl3hzByuZnTC8hUZ46x,0.7,0.3,2,-9.813,1,0.0359,0.672,5.87e-06,0.0706,0.213,125.053,212307
19,37DLwjAM682PZr9a4dJ5VA,0.605,0.647,5,-7.037,1,0.0451,0.429,0.0,0.103,0.0834,91.928,221241
20,09Ax76xrXhUm13zCwkuxiv,0.788,0.536,11,-4.765,1,0.206,0.831,0.0,0.181,0.342,113.013,135704
21,7m12pGA8jpRVQDH7pURUs2,0.654,0.488,9,-6.668,1,0.366,0.0214,1.1e-05,0.133,0.495,147.956,145498
22,7GJVqqE79WOl8ncT7Y4z0L,0.76,0.71,9,-4.984,0,0.0428,0.205,0.0,0.349,0.707,111.957,184196
23,7x8efoIjgyyQGogsHltYFf,0.47,0.327,9,-7.26,0,0.0402,0.897,0.0,0.115,0.296,62.915,222495
24,6eI8B3QW20P68MCYMb4Etd,0.665,0.719,1,-6.897,1,0.0328,0.384,0.0,0.118,0.491,112.473,162224
25,5LYMamLv12UPbemOaTPyeV,0.72,0.715,11,-4.652,1,0.04,0.258,0.0568,0.107,0.357,107.041,193813
26,3TPTC8joOVNXHHNFIWPGBC,0.514,0.366,5,-10.796,1,0.316,0.752,0.0194,0.238,0.708,77.16,60857
27,4jqe78JthIpsat99g0D3pk,0.513,0.366,2,-16.961,1,0.0935,0.842,0.0,0.605,0.645,120.538,25387
28,3bDRMfygdJbTDbsdmzc1PP,0.527,0.562,9,-6.623,0,0.0331,0.153,0.0,0.232,0.188,119.861,121053
29,2Xkxoluz9GQnQYAjxXImGG,0.588,0.804,8,-4.443,1,0.0623,0.0341,0.0,0.0845,0.377,145.021,215334
30,2QM5gBm9Q8VZ7UamMIMLb1,0.795,0.553,4,-8.496,0,0.244,0.527,2.84e-06,0.112,0.739,124.109,192288
31,2QWV6LlwgXF0ZIcg4VxkUh,0.871,0.739,1,-4.891,1,0.135,0.00984,1.03e-06,0.183,0.928,127.029,130098
32,3xQTo7wPYHZtFbHAoygz2c,0.717,0.0503,4,-15.204,1,0.606,0.00505,1.41e-06,0.097,0.166,109.916,52062
33,2t4SJrRZrGOEQlNDabywTw,0.707,0.875,8,-3.746,1,0.0606,0.103,0.0,0.144,0.904,94.988,138520
34,6Dz9VvnOr1U8U8MFmioOgY,0.378,0.334,1,-10.993,1,0.304,0.776,0.0,0.115,0.496,181.296,144667
35,3F3PuqGinS2T1ePmjUTw9t,0.476,0.7,0,-5.569,0,0.276,0.429,0.0,0.157,0.625,85.114,233688
36,5qf8lBMF49mfNILgF1TYTG,0.863,0.804,10,-4.346,0,0.0583,0.115,6.56e-05,0.235,0.725,103.042,147813
37,6RCwPJ2mYbapVc62qryGTC,0.817,0.988,8,-6.43,1,0.0637,0.0783,0.671,0.275,0.445,127.994,197813
38,6B5HpxwBFyiBwBUkRT22wR,0.793,0.546,7,-6.738,0,0.0333,0.265,0.000359,0.0784,0.584,115.006,154435
39,3iHzKA9HlXf5wsGdsrsnSA,0.664,0.76,1,-3.769,0,0.0448,0.318,0.0,0.34,0.7,101.987,203667
40,2aYsBCPVZqRMGcS74D6jTS,0.398,0.628,9,-6.225,0,0.317,0.348,0.0,0.171,0.607,82.918,147850
41,1wsyFaNnorpsGPum1FdZZm,0.541,0.518,7,-8.442,0,0.0857,0.305,2.41e-06,0.0987,0.193,146.924,217148
42,4FVeSfpioYQWpHA3OpZZUa,0.578,0.514,2,-7.056,1,0.0289,0.605,0.00134,0.178,0.455,122.822,212250
43,0Qm6Pg4CsoWjzlPLmVbT3U,0.608,0.415,6,-8.58,1,0.0299,0.42,0.0,0.146,0.279,139.902,200571
44,6uUYmvgx6MDIK52vrcELU2,0.64,0.327,7,-4.0,0,0.0303,0.732,0.0,0.11,0.37,88.029,190909
45,2Yc3MHpZ9R5UCIz78E20AQ,0.692,0.633,7,-3.085,0,0.0721,0.039,4.09e-05,0.118,0.319,98.088,90613
46,1NoxZc2x2Y7eX1U5wHj6hr,0.579,0.558,4,-10.443,0,0.0274,0.709,0.738,0.108,0.16,138.015,172844
47,6wM9RyadBplhjWJXfRSKLs,0.749,0.596,9,-5.611,0,0.0433,0.107,0.0,0.08,0.826,139.958,161621
48,0wPKDeY4fZXT6k9bzV0kx0,0.713,0.442,6,-5.909,1,0.0604,0.739,0.0,0.112,0.546,108.038,144934
49,4O6jCUU0Un55TZ9FfZWSJh,0.681,0.626,0,-5.41,1,0.0365,0.00887,5.56e-06,0.0791,0.676,128.036,182085
50,503M75Hh6JciFgZ4xi8XTw,0.756,0.735,7,-6.178,1,0.0668,0.692,0.0,0.0715,0.558,92.028,193125
51,3UaozDmYZ1sDiSiF1u4azI,0.321,0.386,10,-15.333,0,0.197,0.289,0.109,0.34,0.402,144.456,72293
52,6TKtO9kl5eujW026n4drO3,0.888,0.816,1,-6.238,1,0.164,0.0578,1.24e-06,0.023,0.571,121.004,146777
53,6u5eHAZyrSVpyNfY9Dsg2M,0.693,0.713,1,-4.562,0,0.135,0.256,0.0,0.381,0.381,89.031,210813
54,0LKa2IxSRvAwCb7ywTc4YE,0.601,0.909,4,-8.742,0,0.0707,0.0475,0.909,0.115,0.118,122.123,62840
55,2tpK15UgCYuy9uxdOTQ3jK,0.787,0.813,1,-3.264,0,0.0781,0.0256,0.000216,0.0877,0.752,92.018,172347
56,58ove9RPbXPbEjDdw1YNEk,0.641,0.657,0,-6.031,1,0.0334,0.0482,0.0,0.171,0.457,88.025,228818
57,5el1yANyqhFWsjLWGYpcTZ,0.83,0.535,1,-5.223,1,0.282,0.152,0.0,0.181,0.591,84.053,162448
58,63jCeAYGLcRL21xm0jKlgn,0.504,0.203,11,-11.97,1,0.0569,0.652,0.0,0.105,0.274,128.773,175550
59,5fDMDKHhVCpUmAvTPJrYNh,0.771,0.804,9,-4.175,1,0.11,0.194,3.58e-06,0.0781,0.625,93.824,182467
60,6qUAZnGE43hfxjLebVFRHO,0.707,0.52,7,-6.627,0,0.0551,0.321,0.000115,0.161,0.565,80.006,157500
61,43NzwG0mZAAxLXWzSGOlyd,0.834,0.636,4,-7.364,0,0.059,0.156,0.0,0.0715,0.626,99.974,242412
62,0VTmJ6N4TDxR3QeC5d9vXB,0.638,0.572,9,-6.771,1,0.0407,0.00118,0.0204,0.193,0.433,115.999,126265
63,27Dwl7NBaPCwnbm3c6aQDJ,0.447,0.68,7,-6.099,1,0.104,0.133,0.0,0.108,0.229,123.841,153806
64,7Bav9vC5ctdkMythpKostV,0.704,0.853,6,-4.109,0,0.554,0.128,0.0,0.181,0.725,167.789,173960
65,5g8RBUd0BenfKruHPKB0ZP,0.589,0.102,8,-18.015,1,0.147,0.894,0.0,0.24,0.544,117.166,45587
66,4RawnebW4KRrhLNiDQOmGb,0.858,0.811,8,-3.866,0,0.11,0.105,0.00106,0.254,0.742,96.002,193440
67,4GoFt15vBKmQXqB3IfFzy7,0.522,0.472,0,-8.011,0,0.0685,0.416,5.49e-06,0.114,0.256,106.97,216985
68,4drTfZwGTDNrbg3dQ17d0w,0.783,0.404,10,-6.39,1,0.0722,0.447,1.84e-05,0.176,0.476,85.004,203135
69,0TzPcGalV2nb2LqRNDk543,0.576,0.699,1,-8.627,1,0.0586,0.191,1.19e-05,0.168,0.367,89.973,180004
70,7aZ30GAOJ2nYrpnsknNNbg,0.701,0.67,11,-6.453,0,0.105,0.0884,3.44e-05,0.161,0.569,93.889,137253
71,6FH6fmlh9DbvssuEQyQEVd,0.349,0.545,11,-6.073,1,0.0352,0.105,0.0,0.153,0.209,104.477,214100
72,7h3mCPlHYCPuSG93s7M3Xt,0.603,0.358,6,-9.972,0,0.0284,0.808,0.0,0.0801,0.427,95.833,134948
73,4BQQ72HXQh3FvbIP238zlT,0.819,0.627,9,-5.37,0,0.0598,0.145,0.0,0.178,0.515,137.87,159565
74,67Z15tJ3I6ZUOiDMBBX7Eb,0.675,0.356,9,-9.1,1,0.188,0.603,0.000206,0.362,0.339,139.856,188667
75,4YGHPxZbzLFpFQTSFruLzW,0.668,0.424,8,-9.477,1,0.0372,0.583,0.0,0.0771,0.249,123.002,175496
76,5Odeka5MkBqFeABthrtagH,0.712,0.731,6,-6.313,0,0.0402,0.228,0.0,0.372,0.638,92.014,190800
77,6YV2AI87l1n2fzqU8Dyo05,0.402,0.514,1,-7.322,0,0.0471,0.106,0.0,0.181,0.2,120.009,251095
78,5huHKpaQvhWJ4DTLndEjKr,0.708,0.804,4,-6.051,0,0.0283,0.0174,0.00254,0.0833,0.644,137.982,340190
79,0xXcflv5A5PaUV5JMLpBa0,0.516,0.953,4,-5.886,1,0.484,0.541,0.777,0.142,0.963,142.948,25036
80,5V7Gy8FkCKGsVNgvaVssJi,0.638,0.66,9,-4.489,0,0.197,0.0992,0.0,0.107,0.535,169.962,160941
81,57VSdN8FQk5yaV83U7fBXU,0.847,0.805,11,-5.04,0,0.0734,0.197,0.000656,0.105,0.384,140.054,150027
82,74BfFG9qR85KXxN49esFVA,0.493,0.302,5,-12.478,1,0.0289,0.0404,0.834,0.107,0.157,107.425,150667
83,0fx9L2QDi387TQQOVnm91O,0.752,0.904,8,-2.846,1,0.0698,0.0206,0.0,0.0723,0.527,98.034,183787
84,3j9Hr6H4sWOVNSVNlsjCVz,0.613,0.586,8,-4.04,1,0.0643,0.682,0.0,0.217,0.612,79.994,187133
85,0KczE8SbGW4jUrFhKBgfLi,0.471,0.543,0,-5.049,1,0.0304,0.701,0.0,0.0897,0.227,87.048,195886
86,3yqfCfgJiPGXVXXJjDyhdB,0.732,0.791,1,-3.937,0,0.0377,0.00533,0.00075,0.0782,0.361,142.045,142817
87,53UMRr4KOgZP5Ins0aGlhs,0.655,0.572,3,-7.666,0,0.0535,0.646,1.81e-06,0.0774,0.403,137.12,131825
88,7xomBTrSjam1stqLRYhvD0,0.637,0.724,6,-5.614,0,0.0619,0.0805,0.0,0.132,0.37,126.934,186440
89,5CQXesQM39J0CBnY0Npp6S,0.763,0.411,5,-8.339,0,0.211,0.0594,5.35e-05,0.0912,0.461,75.029,133978
90,0V0jxLGonu3pJV6hOl8CSK,0.658,0.632,8,-8.492,1,0.0298,0.748,7.33e-05,0.169,0.464,135.924,194277
91,291cT7iO5eaC3dOHijXpNq,0.791,0.895,6,-4.801,0,0.0479,0.362,0.0,0.0916,0.617,106.535,126827
92,0Ckmi4rrdUWnlg4T9aIGCS,0.382,0.523,9,-8.812,1,0.0618,0.0176,0.0,0.149,0.311,115.398,179913
93,53lzKjlVaL7iyFwp1bphde,0.798,0.778,1,-6.428,1,0.0881,0.0452,0.000116,0.112,0.34,111.955,201795
94,6Jt18cyNzFXYYUUBllm7rZ,0.399,0.93,8,-3.259,1,0.264,0.000742,0.0,0.386,0.453,174.108,239011
95,19CTf8Ej9FbtTmZKhrsUJV,0.683,0.651,6,-12.948,1,0.431,0.627,0.0,0.0954,0.204,150.048,137600
96,78Kl2Yvf2XXEDXGFNXfYIr,0.579,0.308,7,-7.797,0,0.0648,0.707,3.06e-06,0.118,0.206,139.778,199702
97,32sySaZNYdIotrpj9bO4ti,0.843,0.871,8,-2.842,1,0.0725,0.155,0.000213,0.168,0.865,128.017,148444
98,78whTQUB0qWESEYhVJcm4f,0.652,0.728,5,-5.31,0,0.05,0.366,6.76e-05,0.186,0.347,139.976,183215
99,1PtXtGJSDKTkB5urVEZ7rf,0.614,0.74,4,-5.031,0,0.0684,0.179,0.0,0.21,0.247,90.044,219752
100,5Hi5TfyH45YusqxLO7NYIJ,0.473,0.698,4,-13.64,0,0.245,0.475,0.0,0.668,0.817,88.307,72327
101,3VhrDA90e4SGUV2wT9Pr3S,0.743,0.838,2,-5.609,1,0.116,0.328,7.91e-06,0.244,0.521,90.66,236914
102,3IcZbuv0ydGXMfdJeo6iqr,0.667,0.43,9,-8.824,0,0.397,0.127,0.000262,0.0853,0.377,126.027,153960
103,4r4yF6BGAm4oy4MnOYjSjI,0.536,0.367,1,-9.435,1,0.0296,0.699,0.000159,0.131,0.0492,118.004,174187
104,18Tofb0N6XcqD4AIFilZUd,0.825,0.648,5,-8.866,0,0.148,0.19,0.000153,0.11,0.961,160.006,195071
105,6Pw74Nz0wZvGQIu3ccRUeX,0.865,0.637,8,-7.744,1,0.137,0.0297,0.0,0.0777,0.536,104.033,157000
106,69ZzhvHnSSnzMO8SMYEJWb,0.751,0.661,9,-6.131,1,0.0871,0.124,0.0,0.456,0.761,120.052,147481
107,7oduqXpqtHzdjpU2NrAMXb,0.807,0.767,4,-4.764,0,0.313,0.191,1.48e-06,0.0823,0.69,180.092,209600
108,1DPtfQYOFB9IAEk1o4qBmS,0.832,0.569,1,-3.455,0,0.0763,0.0169,3.45e-06,0.183,0.591,100.027,187240
109,5ZpjODX6OH1xZs3AOewTO6,0.745,0.579,1,-5.771,1,0.138,0.0354,0.0118,0.246,0.645,97.002,293947
110,4bswq6hRPqJ56vIpCFBbRZ,0.644,0.437,0,-8.123,1,0.0356,0.572,0.0,0.202,0.667,145.245,180414
111,2M3GwgWQ2Z0swHkap5gWCm,0.53,0.322,1,-10.105,0,0.0532,0.869,1.69e-05,0.355,0.608,85.757,75415
112,1f9WKvj0QH39g4UCjKZVmG,0.917,0.509,2,-8.411,1,0.342,0.292,0.0135,0.109,0.576,93.997,66383
113,1yaEZwbabqGa9BYXIRa0ua,0.494,0.705,10,-4.487,0,0.13,0.384,0.0,0.225,0.133,171.868,210000
114,7DSAEUvxU8FajXtRloy8M0,0.706,0.691,0,-4.775,1,0.0633,0.0584,6.99e-05,0.0232,0.632,118.048,200600
115,6MkTFseEn2UhjYAowVs9d3,0.881,0.727,11,-4.679,1,0.101,0.0166,0.0,0.135,0.685,98.027,194375
116,7kCDN39QQuuY52Ex1Nbe5y,0.626,0.547,1,-11.642,1,0.953,0.342,0.0,0.353,0.758,74.625,39846
117,74QeUWbmPFJQTgu8Hzym5I,0.701,0.75,9,-8.505,0,0.0745,0.173,0.000209,0.0723,0.686,149.965,165195
118,14oE0VEMMpjXZRH4RbC8lW,0.722,0.63,5,-7.397,0,0.318,0.599,1.28e-05,0.163,0.728,93.142,105161
119,6end0etAvMxWeSGwCwk1gR,0.808,0.552,6,-10.1,0,0.0622,0.253,8.14e-06,0.105,0.827,94.971,126632
120,0G9vVO54iCyJwWth6nrDFT,0.85,0.428,1,-8.576,0,0.46,0.678,0.0,0.135,0.588,117.93,151750
121,06Ai8dZD0uzErNjvGSu3Q4,0.77,0.706,7,-4.602,1,0.0417,0.0436,0.0,0.158,0.548,95.001,156632
122,0VJDKFCfJJyA8CgMd2Cygj,0.492,0.359,2,-8.538,1,0.0364,0.744,0.0,0.379,0.283,167.279,197500
123,3ZIEG7syiY1lRmxwGm0xRH,0.668,0.857,1,-4.485,1,0.0994,0.0202,0.0,0.047,0.718,93.01,206539
124,3PsHulD1zewglcTPcEPnlk,0.609,0.343,5,-7.93,1,0.0285,0.709,0.0,0.102,0.262,81.923,196261
125,0DsIoA5io9H9ViOl2YNLcR,0.508,0.661,1,-3.166,0,0.128,0.0111,0.0,0.315,0.699,79.603,172500
126,3JqEamRw9aUvTKIhPXne9J,0.644,0.309,8,-9.493,1,0.0299,0.737,0.0,0.111,0.172,121.886,166916
127,7z0gvrbNudxiGUJ3mga5XL,0.656,0.476,10,-9.33,1,0.0524,0.495,0.0,0.161,0.547,126.963,194000
128,6hb25BscksBk4bZiEH6hEl,0.505,0.688,2,-7.593,0,0.427,0.659,1.13e-06,0.876,0.292,102.206,209563
129,10MB5BRNILT229BsnB2oRU,0.746,0.778,1,-4.146,1,0.0454,0.00506,1.4e-05,0.109,0.411,91.972,243913
130,3XGMdPsVkOaUqLVzPHp0Ok,0.714,0.287,6,-19.694,1,0.922,0.448,0.0,0.126,0.813,90.389,40111
131,6inSd4dgpqoeXdPzP3B6ac,0.794,0.666,11,-5.821,1,0.085,0.362,0.0,0.299,0.669,139.951,130715
132,2ySKEa16GDpwon90g1cILI,0.489,0.405,8,-7.711,1,0.0407,0.71,0.0,0.104,0.462,108.095,183828
133,4ggiDYAkJ7Yk8d5xOr7Xjo,0.777,0.782,0,-4.435,0,0.0907,0.0505,0.0,0.64,0.773,94.023,221653
134,5kqqx1duUeC6GlJ4jFr5LF,0.695,0.392,11,-7.476,0,0.0663,0.939,0.00179,0.309,0.458,127.817,90856
135,054mLFn8Dtx8bIO85NYWYZ,0.725,0.784,2,-6.008,1,0.306,0.186,0.0,0.355,0.736,143.773,161695
136,04ndZkbKGthTgYSv3xS7en,0.913,0.584,9,-5.263,1,0.223,0.521,5.36e-05,0.307,0.627,119.873,174370
137,1SrfJ6mbvp7BP7hD3DlnMZ,0.687,0.611,8,-4.318,0,0.109,0.0768,6.84e-06,0.0687,0.865,175.848,159545
138,7xqF5MczPpjW4NLXF2CL88,0.847,0.755,10,-3.991,1,0.175,0.137,6.68e-05,0.108,0.664,98.011,199592
139,76g8pPFDLpK5LxPGieP0Jo,0.678,0.708,8,-9.34,1,0.0277,0.077,0.0,0.126,0.844,119.987,202633
140,04v1IMQMdemyNhfH5G2uyp,0.759,0.339,10,-7.314,0,0.0274,0.94,0.0036,0.11,0.47,98.047,171851
141,3qPLOJ6ij8dcO94ntWUzan,0.822,0.494,11,-8.212,0,0.0822,0.153,0.0,0.114,0.537,122.022,212937
142,6NtEyIBt9KpNF1a1Om367P,0.872,0.926,0,-3.283,1,0.301,0.504,0.0,0.252,0.361,129.943,187695
143,6iU3wBJNNSHbtac32TATEh,0.55,0.622,0,-6.74,1,0.0399,0.0506,0.0,0.0861,0.284,111.591,198884
144,0ktsBS1K53cTqoOBOPNtRB,0.522,0.0782,0,-21.935,1,0.0694,0.966,0.868,0.0813,0.549,136.532,51433
145,3t2XXB75de4ajK4LTkURgm,0.801,0.743,1,-5.056,0,0.258,0.0794,0.0,0.0872,0.495,96.029,130000
146,6xKUJ0HwdyEIeiuwM3sfQ1,0.695,0.877,10,-3.517,0,0.0532,0.19,0.0,0.114,0.816,115.7,192783
147,4lbN59oAXTZuKkq16ACHbE,0.761,0.78,7,-3.861,1,0.261,0.384,1.05e-05,0.103,0.43,140.032,135522
148,1lqtNkgCophKZ4r5wjF91s,0.411,0.396,0,-6.433,1,0.0301,0.676,0.0,0.0935,0.315,171.781,184181
149,029cuB69yYCgVHND32hjcT,0.702,0.876,10,-3.066,0,0.154,0.377,0.0105,0.121,0.593,94.014,216755
150,0mXjm33kyUTMkgJNOKvGOO,0.614,0.689,9,-4.919,1,0.052,0.0546,0.0,0.0815,0.535,146.461,165675
151,6zymS7LGXZngFvHNAXLtbP,0.783,0.863,11,-3.594,0,0.0714,0.0707,0.0,0.0744,0.465,105.044,150857
152,1d7muwif6ujmhLLxeHLPYr,0.787,0.812,5,-5.33,0,0.0845,0.0832,5.38e-06,0.0954,0.761,95.008,175579
153,19doCLyihUxqUvjtsR6xHm,0.71,0.634,7,-7.283,1,0.0668,0.495,0.0,0.195,0.229,120.037,164878
154,35jo7lz8cVF0H6BsOYAa4b,0.563,0.914,4,-4.144,0,0.297,0.0324,0.0,0.108,0.723,97.211,89090
155,3dG6YbDEyxKnIt0K8xYQSI,0.455,0.259,4,-10.027,1,0.0415,0.928,0.0,0.151,0.32,69.595,120813
156,1aLIFdfXRGwSfYNF8GIS0O,0.781,0.517,5,-9.157,0,0.209,0.482,0.0,0.154,0.729,132.959,177515
157,69Api7PDVnQ1jQmSJlZiGC,0.611,0.145,2,-11.071,1,0.0293,0.862,0.0,0.15,0.304,105.08,214231
158,2NAjBeyMUrba97IXdLVMqp,0.79,0.578,2,-4.863,0,0.106,0.135,0.0021,0.143,0.782,90.008,152280
159,2bSaJE7jrTeDXW4bZB93Ji,0.638,0.524,1,-9.386,0,0.0291,0.181,2.68e-05,0.0672,0.318,110.039,250600
160,78jeznMwLkUFnc5sef5Ptd,0.822,0.823,4,-3.726,0,0.3,0.0951,2.77e-06,0.302,0.691,179.912,152190
161,4JyfG2WBcDjlc8TODyBIbx,0.59,0.628,7,-5.915,1,0.0316,0.166,3.11e-06,0.0919,0.268,143.979,232795
162,7mGF41REeR8j0lxRNd2gsj,0.792,0.818,6,-4.861,0,0.198,0.231,0.0011,0.403,0.445,107.022,181060
163,2xBuDFGbFc3NbUzCI8W4RW,0.734,0.73,3,-3.926,0,0.371,0.484,4.82e-05,0.116,0.537,195.894,191813
164,7fvyyfZpbl2jF30Wj5cBxN,0.599,0.317,9,-7.769,1,0.0257,0.801,0.0,0.133,0.347,98.552,171500
165,3dEI6HHilrFuNs6q1fvJ9q,0.615,0.312,11,-22.684,1,0.406,0.0372,0.00515,0.375,0.0781,61.503,46205
166,4jzz1dFGn1osftEfcKSAeV,0.233,0.876,11,-8.766,0,0.24,0.855,0.527,0.744,0.24,170.197,48520
167,6xi4KL7KDYjzz3wuvLBeOg,0.505,0.362,4,-10.586,0,0.103,0.732,0.0,0.622,0.498,133.95,104408
168,5WYzgXAzOP814ninL9deX2,0.695,0.64,3,-6.49,0,0.0331,0.00365,0.0,0.105,0.673,121.944,158584
169,7aphaNjz17A97xNyD00LBn,0.648,0.768,0,-6.071,1,0.0541,0.246,0.0,0.0768,0.244,126.897,174197
170,3UunIIJTjCNhLkJ3HXzAAx,0.477,0.427,11,-7.447,1,0.039,0.779,4.77e-06,0.298,0.365,79.241,219124
171,1v4zEkTJxtQJJCEY5e2V0z,0.373,0.305,3,-7.372,1,0.0272,0.879,0.0,0.162,0.178,73.868,161973
172,1O5HGqTyQwb0N87beG7mLC,0.569,0.189,9,-13.386,0,0.438,0.691,1e-05,0.359,0.265,145.402,101400
173,2iLwlq72aijGUvczz0BByi,0.565,0.272,4,-4.747,1,0.032,0.802,0.0,0.111,0.331,135.812,229673
174,52T4reGBKaHkDkTNt9YEGo,0.503,0.336,9,-6.977,1,0.0284,0.663,0.0,0.269,0.222,79.833,168750
175,23d8v6tU6lR77pFKsApMtF,0.529,0.711,11,-5.016,0,0.0669,0.572,0.0,0.0799,0.582,170.305,379059
176,0VqPLtmPr3UdQlQyCoGDgz,0.623,0.672,1,-6.353,0,0.0382,0.415,0.0,0.157,0.213,125.178,205166
177,7y3GyT2J7tcqZKb5ND4BAP,0.468,0.704,0,-7.122,0,0.0581,0.887,0.0,0.427,0.802,60.822,65106
178,1a3G9SNslcKsPAOuIikaxd,0.326,0.322,5,-20.192,1,0.0337,0.887,0.841,0.116,0.0651,89.657,53185
179,0LFxsB0fdwNIjfUtVpvAmq,0.854,0.704,10,-4.053,1,0.0611,0.16,0.0,0.138,0.534,100.008,161533
180,4n1WwhKzKHUX598tvU1wMu,0.835,0.772,0,-5.711,1,0.247,0.793,2.01e-05,0.515,0.683,100.034,137534
181,6lEQRzVcKHfEfceUAZy8jZ,0.632,0.709,9,-5.527,1,0.244,0.411,0.0,0.108,0.892,86.27,147947
182,6MK8jdHLIWvzURJZlmPq64,0.818,0.826,10,-5.02,0,0.0991,0.253,0.00305,0.236,0.183,93.996,220868
183,1oTkt2SICK4tsPD0b39Snn,0.827,0.843,0,-3.961,1,0.0892,0.0516,0.00209,0.267,0.709,91.001,195165
184,3AsbVi6XAEGXoKOTfhzevi,0.816,0.721,8,-4.657,1,0.0579,0.361,0.000124,0.124,0.542,95.029,165808
185,78TdaRmo17p8J6BPvA8cGt,0.495,0.521,1,-9.72,1,0.0766,0.0317,0.0,0.288,0.238,111.426,114053
186,1ltB37dxgQfYhz0JZTUdcf,0.756,0.896,7,-2.386,1,0.12,0.0434,0.0,0.518,0.87,96.026,176250
187,0qZ03ABKZsGbGhvh1zbbil,0.33,0.777,6,-6.316,1,0.0838,0.00315,0.00227,0.167,0.236,114.309,227478
188,70iFZwMfjDJBlObBLWFywd,0.797,0.808,1,-4.016,0,0.112,0.257,0.00385,0.0943,0.551,102.053,134333
189,1wnRsXo9tSvj60Vbc6C7A2,0.502,0.701,0,-6.679,0,0.405,0.448,0.0,0.329,0.974,50.369,41304
190,13CVSGLSFl4UxpDVR6u3dq,0.387,0.253,5,-8.901,1,0.0336,0.798,0.000159,0.0848,0.134,68.004,182163
191,3qPZbR73DQm1ZNrkXvuJ4B,0.581,0.839,4,-5.968,1,0.0517,0.121,1.95e-06,0.102,0.413,146.928,209614
192,2PKiEYh6qo91G59vyfAjoS,0.698,0.718,5,-6.421,0,0.142,0.197,0.0,0.327,0.585,116.677,133240
193,3FlLbxMOhAgiWCwfcsvwF8,0.623,0.658,8,-6.914,1,0.0715,0.0212,0.0,0.338,0.476,142.772,154987
194,0A6rhK1bckxbfdOm1Omjq2,0.838,0.551,8,-2.597,1,0.107,0.0838,7.11e-06,0.0863,0.46,81.991,166829
195,1QBoyx9EOFbnFQJGCyEzwz,0.536,0.423,6,-9.158,1,0.0314,0.695,0.000185,0.117,0.228,134.027,183000
196,3T9wo7kdEAOy1h5h7kh5dw,0.697,0.569,0,-4.883,1,0.0475,0.327,0.0,0.0923,0.846,177.992,216315
197,2SOhUiyKpnlshR3SFh733w,0.712,0.731,6,-6.313,0,0.0402,0.228,0.0,0.372,0.638,92.014,190800
198,3RdOimLk6CxkaYMYtGTCB9,0.57,0.423,0,-5.858,1,0.0301,0.028,0.0,0.0614,0.169,76.961,206162
199,2Jda264qU8l4iquWEGRlJl,0.592,0.837,8,-4.341,1,0.17,0.00633,0.0,0.12,0.287,121.897,234187
200,7CE9vL4mbtF1ZdzkYDUbgL,0.523,0.873,7,-5.523,1,0.0843,0.0146,0.0539,0.0929,0.214,180.006,205208
201,5R7EIfHReTEjGIEjjoWRzq,0.75,0.63,7,-5.223,1,0.041,0.218,0.0,0.132,0.85,128.028,226313
202,6cfFlDz8iGUVedHJLZjbXI,0.817,0.622,10,-5.634,0,0.0635,0.0363,0.000196,0.238,0.635,100.008,183331
203,10eXlCGcqm2ZUVVpdlSqr4,0.466,0.969,9,-7.501,0,0.39,0.826,0.0,0.787,0.193,104.148,34240
204,0g8DBFUhszRFIUp6lSZIB4,0.45,0.302,2,-10.843,1,0.0443,0.869,0.0,0.109,0.19,116.309,188100
205,2SRiJNA3yILEMOPbETtL6M,0.585,0.647,2,-5.872,1,0.324,0.259,0.000134,0.239,0.167,92.887,166561
206,7LM7kxM3RvpM04afbUKZsb,0.505,0.346,8,-7.401,1,0.0284,0.894,0.0,0.115,0.181,85.066,170118
207,7DfDNDtQTz4Jda9Y4rBOVH,0.773,0.721,3,-3.917,0,0.0934,0.0216,0.0,0.125,0.835,169.989,197147
208,74fbucWyuXGiqbk8yWO9K1,0.471,0.618,11,-6.012,1,0.0341,0.368,0.00076,0.103,0.387,166.138,221321
209,6PLihys6LLwbCI9GRByWZ0,0.827,0.814,11,-4.335,0,0.0631,0.109,0.000135,0.241,0.506,91.996,184760
210,45S5WTQEGOB1VHr1Q4FuPl,0.448,0.838,4,-5.257,0,0.0557,0.21,0.000131,0.131,0.254,139.863,208907
211,3eUR4NZa2hc8ZulyFYdCv8,0.774,0.73,0,-3.865,1,0.134,0.108,0.0,0.194,0.421,91.966,212304
212,5sWjlZq5tLFFSMBJHvAfgm,0.637,0.753,3,-5.844,1,0.0357,0.493,0.0,0.107,0.646,92.867,170000
213,2NGbCghWkDGTZtknazgEuf,0.507,0.589,2,-5.267,1,0.277,0.0602,0.0,0.0895,0.907,189.992,194526
214,70oCkTauTPEVRDBzqhXqvn,0.31,0.14,1,-11.859,0,0.0552,0.936,0.000297,0.0882,0.0443,84.992,154488
215,1Yk0cQdMLx5RzzFTYwmuld,0.578,0.43,5,-6.134,0,0.0305,0.33,0.0,0.0854,0.288,78.991,295502
216,3XZsHSfn79mlt8VdjgPWke,0.741,0.293,7,-7.637,0,0.0382,0.756,2.91e-06,0.14,0.466,113.009,155774
217,6dIZb64N6ICAWrf1RJrKfB,0.596,0.659,5,-7.856,1,0.0606,0.0742,0.0,0.123,0.418,142.976,202893
218,4YRWr6nDWaFfYeDQWqyjY5,0.707,0.844,6,-3.341,0,0.0514,0.121,0.0,0.114,0.693,81.966,182749
219,5zlkIzkX2TGfIVI9CFSV8W,0.656,0.882,10,-4.996,0,0.038,0.561,0.0,0.605,0.591,96.005,189680
220,4HED7T9WqduhZ6TgMl7ugE,0.5,0.293,9,-10.035,1,0.0341,0.692,0.000141,0.0832,0.091,117.381,232494
221,4jTJqCALX2nSmifWoKQbp1,0.563,0.677,9,-11.981,1,0.142,0.648,3.07e-06,0.414,0.895,113.841,20089
222,6HNWDjbome8TQp0rYRZTQS,0.564,0.928,7,-4.876,0,0.127,0.257,0.0,0.205,0.424,138.011,186522
223,2P6Rxk0HKzVKN7DIgDOc6T,0.654,0.59,5,-5.266,0,0.0491,0.387,0.000106,0.131,0.372,86.995,201133
224,3kI2StwSS4yAl7wdeIXZ8x,0.51,0.804,7,-3.313,0,0.171,0.0711,1.54e-06,0.164,0.639,128.924,158173
225,5O8fzQMf083qvummgvzXe2,0.706,0.695,10,-7.638,1,0.118,0.557,1.15e-06,0.338,0.444,177.998,222640
226,3GaGWoU1KfVqgl7vnRHP55,0.658,0.453,9,-7.378,0,0.39,0.131,0.0002,0.0848,0.358,126.043,153960
227,4wIA01soZ152jAN6Xohj9X,0.387,0.42,2,-7.468,1,0.0315,0.608,0.0059,0.131,0.0823,132.161,78291
228,6K3ddVjkBvr2h9eO1axhOk,0.819,0.655,3,-5.513,0,0.23,0.593,1.07e-06,0.202,0.21,123.058,223960
229,0Umk0kzKHlXsLw2NsP5IHE,0.751,0.696,11,-5.175,0,0.0545,0.266,1.5e-06,0.0856,0.721,131.03,171134
230,0lhDiOviH4xmzyYeOsn01M,0.262,0.301,11,-9.702,1,0.0335,0.439,0.00241,0.0748,0.0481,102.399,58239
231,6maG9OGek8E3dEwp0BwFjT,0.783,0.404,10,-6.39,1,0.0722,0.447,1.84e-05,0.176,0.476,85.004,203135
232,5AsHM42zzkvrAWBU1gkCfv,0.798,0.778,1,-6.428,1,0.0881,0.0452,0.000116,0.112,0.34,111.955,201795
233,2AeVYIAQH6qdsUMg3ggLMC,0.593,0.637,9,-4.364,1,0.0277,0.0513,0.0,0.213,0.537,94.011,234779
234,3HYUKa1HkaSRk4C0xK4O5q,0.312,0.464,9,-9.042,0,0.0451,0.735,2.25e-06,0.136,0.226,176.918,219585
235,63GADGga6HKjIUPwRTvbBS,0.678,0.597,5,-4.327,0,0.0538,0.431,7.43e-06,0.104,0.682,89.08,177147
236,68e9XUS28xQRV9jghSx0NX,0.762,0.773,7,-7.663,0,0.0814,0.36,0.0,0.272,0.337,115.055,237750
237,6v3fbkLKRH6jsa6dho9ocx,0.576,0.439,2,-11.281,0,0.0427,0.951,0.269,0.111,0.0765,122.136,103963
238,4k5Jj5pKYLY8zYqholYAZh,0.64,0.881,6,-3.893,1,0.0767,0.00716,0.0,0.0813,0.823,102.023,199918
239,6uaBrivDHCaV0uBTiwHTUi,0.678,0.431,0,-6.749,1,0.0326,0.163,1.94e-06,0.147,0.404,90.941,174680
240,6I3q5qBAa1DpzfcdIq21DD,0.562,0.54,9,-6.477,1,0.0281,0.327,0.603,0.107,0.331,130.103,274871
241,2OZsedyLpIuOVRVODdhaMZ,0.734,0.726,7,-7.393,1,0.0706,0.00268,0.867,0.113,0.0962,124.071,91500
242,4NLiWLp5DuHs1y7JLAuvyN,0.507,0.182,7,-11.166,1,0.0353,0.944,0.00138,0.444,0.394,76.007,62423
243,4hFLzJh9DxyppZ12USxK6w,0.621,0.648,11,-3.854,0,0.0411,0.499,0.0,0.479,0.672,95.861,182500
244,1InPL1Qm8qJC3FIIvFruNt,0.639,0.439,3,-8.809,1,0.0478,0.803,0.000967,0.122,0.274,147.939,217440
245,7MAa9K8YxffUkgfjyhzIm1,0.877,0.91,1,-2.692,1,0.138,0.0695,0.00244,0.0785,0.791,120.042,202240
246,3NjaN546wa7PVADtMuec6b,0.412,0.524,7,-5.575,0,0.0338,0.0687,0.0,0.0858,0.0395,151.699,203573
247,0Cv5CFC2uKCsh1r8bnIdj6,0.735,0.902,0,-3.987,1,0.0976,0.0905,0.0,0.144,0.779,97.987,223800
248,425PpIsnEbeVtMp6GJj7jX,0.513,0.737,0,-5.023,0,0.0393,0.0792,7.82e-05,0.108,0.115,138.032,248232
249,4HcqUkRTvrRAiFVjeOS3w4,0.648,0.462,0,-5.045,0,0.053,0.843,0.0,0.152,0.456,125.719,178377
250,13crLwJf5aEt3R8MKcisou,0.917,0.638,2,-5.483,1,0.132,0.018,0.0,0.0561,0.835,93.016,168476
251,1UZQtIbMg0jxgiulIadYpU,0.716,0.475,1,-8.527,1,0.035,0.0141,0.0,0.341,0.393,125.022,177737
252,3WQhuJnlOTV9RiDZx2tDFF,0.654,0.767,5,-5.061,0,0.048,0.0556,0.00118,0.305,0.615,173.933,203213
253,0ul02hj1QMM8WZU1k8ntZd,0.655,0.45,1,-9.781,0,0.0397,0.349,0.000403,0.114,0.191,95.982,205000
254,2tdOrRhEtv3g3bHNQYN0sm,0.555,0.472,9,-10.274,0,0.314,0.317,0.0,0.302,0.277,81.37,186939
255,1epZwjCdEMIrkpBWTaAMAQ,0.707,0.876,1,-1.887,1,0.0787,0.173,9.36e-06,0.932,0.853,176.068,204414
256,2SKNarYKa7W0iCOq7u96N8,0.771,0.818,2,-5.565,0,0.0819,0.0323,0.0,0.196,0.654,99.979,206000
257,4ZsRLFjtLipMZF4ztfNhgE,0.675,0.76,0,-3.87,0,0.0508,0.321,0.0,0.267,0.521,93.054,194267
258,7DcyefYFCVeDSWmoQtwjKV,0.768,0.806,8,-4.663,1,0.0582,0.116,0.0,0.282,0.646,96.968,217732
259,074SlodfrBibHYC0Y8Qata,0.863,0.64,5,-6.312,0,0.21,0.15,1.81e-05,0.0902,0.7,166.053,163320
260,1MV2N4hsczeIzG0awpEduU,0.439,0.252,1,-9.39,1,0.0373,0.844,0.0,0.112,0.358,133.379,207519
261,76WAAT4ok84yt0f5PgxIvS,0.825,0.919,1,-4.827,1,0.0592,0.292,6.23e-06,0.866,0.667,104.942,176304
262,7BNSa5qN0dDg81ySZze6S6,0.703,0.907,1,-4.056,1,0.067,0.0292,1.38e-06,0.291,0.491,92.973,245960
263,20JHbTe5ZP7liePg7wJ7xQ,0.812,0.809,4,-3.489,0,0.0841,0.0197,0.000399,0.144,0.521,89.995,245413
264,6ju55V6qat6G1DIPn0yszc,0.723,0.781,9,-5.242,1,0.0945,0.142,0.0,0.386,0.842,104.861,153062
265,3gt3BD4A92u4nv6oS5Jkmq,0.672,0.764,8,-4.92,1,0.0503,0.118,0.0,0.109,0.533,130.013,171133
266,52o65DE4Um7gNv8gN2Bm08,0.431,0.395,8,-12.705,1,0.325,0.654,0.00357,0.303,0.515,66.42,134999
267,7qbaWjavQxfiI4Bk8MWFSV,0.826,0.786,11,-5.619,0,0.0798,0.0276,5.23e-06,0.156,0.488,110.019,159286
268,5QypS0lxQsiWj5nIOnw6mW,0.351,0.45,9,-9.16,1,0.0402,0.829,0.0,0.304,0.503,163.651,181776
269,4rWrcXSTph8ZTzYp8SisxB,0.766,0.733,6,-5.025,0,0.0448,0.527,0.0,0.0664,0.801,107.466,253947
270,4lNJPSKTlH5H2LQAX0pqH2,0.774,0.612,1,-7.867,1,0.052,0.358,0.0219,0.0835,0.609,157.994,139747
271,4p1C7lssRJgOkdpPWlb6s1,0.508,0.567,6,-6.104,0,0.0372,0.342,0.0,0.0403,0.344,130.212,176000
272,22eCn7FGQuznyIbDaj96ZI,0.861,0.782,8,-8.396,1,0.0689,0.0285,0.808,0.177,0.862,130.007,162508
273,1PgB8ufGhggqDuJ4YCmo4U,0.562,0.48,7,-8.199,1,0.0506,0.836,0.0,0.714,0.636,83.56,180283
274,3ovV159vKt8tf7pIlILxWN,0.784,0.424,8,-11.228,0,0.309,0.167,0.0,0.103,0.446,93.947,230731
275,4rGf8trshg74YBx6BamDz8,0.702,0.766,6,-6.684,1,0.132,0.407,0.0,0.12,0.464,77.422,136707
276,1w1fxjdEDHth9D6Kinowen,0.597,0.267,0,-9.319,1,0.105,0.743,0.0,0.118,0.431,97.48,80922
277,5pdmo1nRKvuStKgtUXgJm5,0.679,0.789,9,-5.944,0,0.299,0.348,3.63e-05,0.0551,0.403,179.768,150760
278,2qLyo5FeWquE7HBUbcVnEy,0.515,0.387,7,-10.614,1,0.192,0.757,0.0,0.622,0.408,86.313,104408
279,5lPwDV4q68aRmvywv2TPpx,0.796,0.582,7,-7.859,1,0.0694,0.0327,1.75e-06,0.189,0.347,97.994,192000
280,2hGQDYmjkwTS0J7Q2bM2sF,0.656,0.645,5,-5.442,0,0.0397,0.504,0.0,0.18,0.669,75.473,161697
281,12OEdQyvROyxem2lt2FLpO,0.736,0.623,10,-5.948,1,0.16,0.101,0.0,0.109,0.469,82.051,164789
282,5CmYdQSGJrWNKjUdo5Y6s4,0.523,0.559,9,-14.034,1,0.242,0.389,0.0,0.413,0.912,94.195,58625
283,2XMXsM29VG71gcKokMtsK5,0.622,0.613,0,-5.802,1,0.0406,0.182,0.0,0.0709,0.469,135.021,197738
284,5DFiyEOjZF5MpFWibWyl34,0.956,0.528,3,-6.043,0,0.188,0.151,1.18e-06,0.0741,0.64,125.089,127017
285,0Ru98QSQ8vScpLvZH5inPu,0.542,0.65,0,-8.465,0,0.116,0.214,0.000417,0.109,0.685,147.044,172600
286,07YFRv1Rj2iTtA7NY3CTcY,0.65,0.741,7,-5.459,1,0.0319,0.0886,1.81e-05,0.119,0.603,90.998,219427
287,4yAlebzVKBr1GBzh4sZGXX,0.632,0.709,9,-5.527,1,0.244,0.411,0.0,0.108,0.892,86.27,147947
288,1QbhOv4dS8vtegyrGiXzM5,0.49,0.408,5,-8.439,1,0.0885,0.906,0.0,0.187,0.509,131.655,113027
289,2B4u4howohJ8kbkWcbuAUM,0.438,0.152,8,-23.868,1,0.0768,0.861,0.0689,0.105,0.138,132.146,130406
290,4UaTYUFCDzQ0TDvp7mXtr8,0.569,0.867,7,-4.879,1,0.0421,0.039,0.0,0.168,0.515,90.018,174948
291,0Jt9FsofIOGvCerur4Rgad,0.472,0.475,6,-9.211,1,0.0354,0.304,0.0,0.27,0.543,189.997,209098
292,3R07j3eglCJ0CJRsAzP9xd,0.536,0.839,0,-5.039,1,0.122,0.123,0.0,0.131,0.313,148.265,86413
293,5HHWykPjtlGoJpZpoy4zNH,0.787,0.648,4,-6.133,1,0.134,0.118,0.000967,0.0971,0.814,83.976,172671
294,2KawTPrCyALzKNdKOd83CZ,0.602,0.646,10,-9.384,0,0.434,0.359,0.000844,0.266,0.975,97.974,125184
295,4sDpxaulErbJ9NBaJDC7cJ,0.625,0.755,8,-4.643,1,0.0724,0.247,0.0,0.124,0.429,87.948,192955
296,3SIMIGUdL2n0nfzlHXo7ni,0.698,0.824,4,-3.859,1,0.247,0.12,0.0,0.534,0.916,181.985,150659
297,2FYGZDfsAnNsrm1gVbyKnG,0.827,0.768,0,-5.702,1,0.265,0.79,2.45e-05,0.497,0.734,99.988,137533
298,1iPPvZimh7slFBPE3Oe4pe,0.794,0.574,7,-6.469,1,0.0555,0.398,0.0,0.103,0.867,95.985,147604
299,1lnogoGekR3zgFBpcVVkac,0.718,0.805,6,-4.408,0,0.16,0.272,0.00248,0.127,0.697,179.978,203687
300,4zddWTgblKVFEeElQ6SRnS,0.749,0.596,9,-5.611,0,0.0433,0.107,0.0,0.08,0.826,139.958,161621
301,6Q7Bn9gAtcKDeZ0EYsHsCs,0.732,0.741,0,-5.364,1,0.0612,0.0873,0.0,0.535,0.528,124.955,197595
302,4tPL9PeVZY4c0jUPtSD5nx,0.783,0.748,8,-4.683,1,0.0892,0.147,0.0,0.173,0.806,93.222,182747
303,6F5pfWqO5VJQjOsKlqVrM5,0.751,0.693,1,-6.998,1,0.172,0.303,1.32e-05,0.626,0.547,135.056,210493
304,2zrWel0JCpX4bWjs3uJxi7,0.828,0.572,8,-8.245,0,0.0535,0.187,0.0264,0.109,0.727,97.956,216737
305,54azU25VdlyMhiqHOOCZeL,0.797,0.679,6,-3.547,0,0.0796,0.414,1.33e-05,0.1,0.388,92.024,195652
306,5BfMJ6iytQnu1r7iiCYSXe,0.213,0.414,0,-9.725,1,0.0339,0.308,0.0257,0.0912,0.0553,79.556,213253
307,5EdxE1LKNqpabpmw5VCYpu,0.673,0.653,10,-5.239,0,0.266,0.052,0.0,0.103,0.547,179.887,152889
308,5bfep56ypsHGIR4i5KPKJN,0.87,0.664,1,-8.716,1,0.0744,0.233,0.000705,0.141,0.84,98.013,151000
309,1A3dV4aobIBsNhaMTxpGje,0.786,0.598,1,-7.28,0,0.148,0.161,0.0,0.172,0.348,134.037,211881
310,1HYM42YsijT5tqgJO3PKsn,0.576,0.531,2,-8.296,0,0.0723,0.24,8.29e-05,0.361,0.342,79.958,307493
311,3eP13S8D5m2cweMEg3ZDed,0.402,0.514,1,-7.322,0,0.0471,0.106,0.0,0.181,0.2,120.009,251095
312,4tznk2Zzm8ZkdnR24SR3VS,0.662,0.55,0,-5.816,1,0.0366,0.00354,8.95e-06,0.406,0.308,136.184,141368
313,7eSSmgq26BXr7xay3WKjfi,0.702,0.0474,3,-15.198,0,0.526,0.00516,1.22e-06,0.147,0.175,102.983,52062
314,1t7i3ZQgjhU341Il43ijW8,0.508,0.509,8,-8.298,1,0.0389,0.805,0.00037,0.2,0.173,131.034,258566
315,6Xom58OOXk2SoU711L2IXO,0.804,0.674,5,-5.453,0,0.0333,0.294,1.18e-06,0.115,0.292,99.968,245940
316,6onjYVJaW2UMu3sGRzm0In,0.585,0.283,7,-10.226,0,0.0297,0.769,0.0,0.156,0.408,96.182,144707
317,6otePxalBK8AVa20xhZYVQ,0.523,0.477,0,-6.786,1,0.392,0.855,0.0,0.146,0.57,79.921,164387
318,6Km0ajAtmU5iMWDB2HIYiK,0.598,0.272,3,-18.71,0,0.72,0.861,0.0584,0.212,0.306,125.032,100135
319,0FmIDOVz1wI7F8axO6elnu,0.783,0.706,9,-6.422,1,0.0763,0.0232,0.00204,0.092,0.579,93.007,191588
320,3z9K9FHfBA6fgbYXakWGtu,0.358,0.342,7,-8.501,1,0.0319,0.524,0.0,0.121,0.144,143.917,187434
321,2YCTRzLwXgiNvbod8xuCHl,0.445,0.263,5,-13.754,0,0.0342,0.828,0.00516,0.118,0.0712,147.172,208937
322,5pSueoHUFxwBiLebqpcGUU,0.615,0.558,0,-8.539,1,0.0354,0.282,0.00151,0.649,0.246,136.033,216993
323,4nEXjVr2y4XTjV3mtRBxH6,0.375,0.319,10,-6.284,1,0.0444,0.93,0.0,0.358,0.343,66.326,195783
324,6no81SKcduoJ0L8AoO4PP7,0.736,0.71,0,-5.282,1,0.0644,0.0775,0.0,0.602,0.602,166.02,151587
325,2yoJrajUKP8BWNIsH24WX5,0.392,0.151,8,-22.566,1,0.0505,0.978,0.961,0.214,0.179,64.098,26038
326,1sGcODdECVcZ1ACwCGO48A,0.828,0.636,7,-6.363,1,0.0528,0.315,0.000449,0.137,0.825,96.012,195006
327,4v2a1UpuAG5iixbN5EO1Ic,0.262,0.151,0,-17.554,0,0.0365,0.812,0.0131,0.476,0.0784,105.055,35794
328,1QSqVAS6fFJudQbtwIh2ex,0.78,0.888,11,-4.843,0,0.0555,0.413,3.31e-05,0.108,0.658,92.972,187218
329,1H2aLiua3VEig2qY0eU3s1,0.818,0.648,7,-4.954,1,0.12,0.0545,1.32e-06,0.0967,0.496,89.043,196507
330,7knSngLX3gWTH8ch4Y5aGr,0.637,0.538,4,-7.622,0,0.0705,0.126,0.0,0.134,0.114,99.998,151498
331,351dqwRVsCDniedG9soXSf,0.378,0.619,0,-6.794,1,0.0767,0.305,0.0,0.413,0.349,87.387,144352
332,3bzdXbxW5u4GO2g5S7gIVr,0.533,0.365,0,-7.165,1,0.0352,0.855,0.0,0.228,0.319,126.953,205647
333,4Mnl5ELO0dxqfHYO5wyghV,0.743,0.221,5,-15.07,1,0.832,0.893,0.0,0.327,0.573,56.111,56426
334,703iVQrfbQsXt7Uzgy1h8k,0.411,0.508,5,-4.342,1,0.0557,0.29,0.0,0.123,0.668,81.96,201627
335,2v1ECZqpjYsQQvRqdl4n7I,0.663,0.641,11,-6.001,1,0.0872,0.202,0.0,0.142,0.69,142.974,201399
336,58T1ibLrNWyHvYqxtntsyA,0.607,0.825,11,-5.235,0,0.378,0.129,0.0,0.682,0.452,197.828,228625
337,7JqqIi2ktnsNkYdQhKSCrz,0.605,0.647,5,-7.037,1,0.0451,0.429,0.0,0.103,0.0834,91.928,221241
338,5HO2RD12vZ5NcIdAULo43M,0.596,0.373,10,-10.543,1,0.0365,0.829,5.6e-05,0.109,0.433,121.916,233499
339,3I23gg628UKcwfVLTXIy45,0.593,0.49,0,-5.798,1,0.0236,0.614,4.8e-05,0.116,0.229,104.991,217143
340,7c8FD6rZJerQ1q1djZuQmA,0.549,0.366,7,-8.922,1,0.0355,0.897,0.0,0.108,0.413,81.605,175066
341,6VvtB3qtTyExMsz22ZwelR,0.323,0.382,6,-9.425,1,0.046,0.669,0.00207,0.203,0.331,175.11,161487
342,1iLbUmb2b2btyAAcQ68a1p,0.795,0.553,4,-8.496,0,0.244,0.527,2.84e-06,0.112,0.739,124.109,192288
343,0LoPe7la5jJRTNCEy5W2uR,0.49,0.731,1,-10.884,1,0.211,0.00824,0.0128,0.585,0.0935,119.941,95525
344,4zDjXT3joiU5Xrg1Bo3623,0.722,0.565,4,-5.848,1,0.0335,0.435,0.0,0.165,0.488,104.488,185653
345,2sY92LRATo3fwPzmDo0wwt,0.619,0.758,1,-5.389,0,0.07,0.181,0.0,0.467,0.714,154.165,187013
346,53bgzwWc1tepYYgfdtPyRQ,0.578,0.514,2,-7.056,1,0.0289,0.605,0.00134,0.178,0.455,122.822,212250
347,6Xy72HZ9nf2jx48dQuF1mA,0.649,0.743,11,-6.042,0,0.0679,0.0342,0.0,0.0855,0.344,106.915,215827
348,56nV1pD0NGbf385hPLiHNT,0.854,0.793,4,-6.043,1,0.109,0.258,7.9e-05,0.0374,0.64,95.017,134211
349,1dQEuPyUXdo0UnXXk098DU,0.174,0.107,8,-29.353,1,0.0374,0.935,0.968,0.111,0.0358,70.93,187492
350,495suImoiM8vw1AoSry8ct,0.683,0.834,9,-4.934,0,0.175,0.413,0.0,0.334,0.649,89.936,141594
351,2Gjad4zoavq9Hrx2ebUxwM,0.758,0.687,6,-3.572,0,0.307,0.0305,0.0,0.196,0.724,95.013,196032
352,3TKaDPOuVr1W5TmlXUi14q,0.424,0.667,5,-6.183,0,0.0488,0.471,0.0,0.158,0.326,167.878,77148
353,5Ov0CcRjy72vbMFJfyVX63,0.458,0.674,8,-5.636,1,0.101,0.296,0.0,0.115,0.229,90.024,178500
354,4XmCQBOvQt9EiMk1B4uPH1,0.837,0.587,11,-7.094,1,0.304,0.205,3.38e-05,0.101,0.405,89.984,189016
355,6qNALlmZa1ESnCxJmXE1K9,0.755,0.769,10,-5.658,0,0.186,0.314,2.38e-06,0.0628,0.642,114.966,186080
356,1K2h9Y50wXiRsENQHLydZO,0.761,0.78,7,-3.861,1,0.261,0.384,1.05e-05,0.103,0.43,140.032,135522
357,5hM0JAqF7VzzD8JxU5RbYL,0.415,0.403,7,-7.199,1,0.0303,0.508,0.0,0.109,0.233,177.548,185284
358,53n1jy5CHbAn93nvvRk6TX,0.66,0.557,2,-6.825,1,0.0489,0.336,0.0,0.0978,0.294,163.018,242080
359,20dXYdyrz9v0cDopdu9Yar,0.378,0.334,1,-10.993,1,0.304,0.776,0.0,0.115,0.496,181.296,144667
360,20uknEOwx3PpiGL2Es2vCg,0.658,0.632,8,-8.492,1,0.0298,0.748,7.33e-05,0.169,0.464,135.924,194277
361,7iXRsjttPa62GpOcqsx1aE,0.593,0.691,2,-7.638,1,0.0253,0.141,0.0,0.114,0.2,99.946,207187
362,06HLRbv3Vzkvd5bjQVL12c,0.555,0.618,2,-7.183,1,0.45,0.488,0.0,0.254,0.337,137.345,601973
363,61KfU2AHAjgdJOCNPkJejw,0.841,0.851,1,-3.495,1,0.0995,0.362,0.00557,0.0623,0.592,114.172,113998
364,4TF0xKCPhGpVYczJiFrklH,0.64,0.716,4,-9.321,0,0.0933,0.191,0.0,0.0947,0.895,177.925,221283
365,7kh95COsNZjnTmc6aF76n7,0.822,0.264,5,-9.37,1,0.0593,0.669,0.0,0.0972,0.672,135.117,149505
366,68C2QbQUPIoTLDFJPZppCX,0.556,0.186,11,-16.018,0,0.356,0.944,1.39e-05,0.105,0.587,116.465,36000
367,7uuTroBz1MfbnIozLykCEM,0.561,0.925,10,-2.655,1,0.185,0.131,2.17e-06,0.248,0.814,167.949,180520
368,6Tb7Zfo4PcSiS4TqQ4NnTh,0.146,0.216,9,-12.302,1,0.0399,0.939,0.54,0.0773,0.0341,78.045,151093
369,7n0vJaSOM87pMqIIQWxoIh,0.66,0.432,5,-7.831,1,0.119,0.695,0.0,0.159,0.717,170.069,179502
370,0HD8mbiPjp3o94X3EaZp0o,0.838,0.569,5,-6.324,0,0.0621,0.152,0.000136,0.102,0.551,136.965,159400
371,2LWM5Ft0TdX24GeSq1u6PV,0.765,0.637,2,-5.291,0,0.0807,0.0477,1.34e-06,0.0578,0.508,89.968,173760
372,4v7riPZWyAclrOfUSwD0zp,0.69,0.58,0,-4.395,1,0.199,0.0328,0.0,0.328,0.708,197.635,177627
373,7ndgCDgbDloPWzSScLxO7a,0.128,0.0819,9,-18.946,1,0.0429,0.923,0.974,0.12,0.055,96.766,163093
374,1tNpEy5ETYG6GbqHSGrmU3,0.57,0.171,8,-11.338,1,0.0284,0.93,0.0,0.117,0.34,78.938,210989
375,59CW3pfCsmyUfDdHY8V34f,0.666,0.912,0,-3.024,0,0.158,0.066,0.0,0.404,0.566,120.068,173677
376,3n5LgughelxZAJKmJ1d56u,0.535,0.782,8,-3.793,0,0.0525,0.243,0.0,0.277,0.389,147.095,216827
377,4FwkJ2SLVEZHAuesD0F16I,0.746,0.593,5,-7.576,1,0.0561,0.502,1.46e-06,0.112,0.244,119.955,196000
378,4jQxIH11pyibkpzS1xjlkw,0.751,0.857,1,-4.385,0,0.0752,0.31,0.0,0.0801,0.501,104.984,151999
379,0NiXOlgc7pizCkRoxh952p,0.714,0.864,10,-3.868,1,0.0361,0.0534,0.000403,0.101,0.325,100.003,162093
380,0SUukeNYkHMk8bxwgGQKJa,0.708,0.87,10,-4.473,1,0.0557,0.0894,0.0,0.347,0.547,99.963,215800
381,5bXTL6PtdA9g1TFE0VZC7O,0.909,0.666,5,-4.09,1,0.0502,0.091,0.00545,0.34,0.585,125.037,147822
382,6HusxhZMI7yixRbNR5tibd,0.613,0.493,10,-7.912,1,0.0487,0.502,0.0,0.661,0.223,77.929,255139
383,6qiPrJwiT5BHKeGPF11cTO,0.856,0.759,10,-3.203,0,0.0819,0.384,1.62e-05,0.0993,0.591,94.018,220920
384,7qn5ylWlm2dSZtdCEeMO99,0.384,0.916,11,-3.655,0,0.0844,0.00018,0.0,0.297,0.445,151.999,156795
385,6IXSuBSTbM4c34951Zc8Ub,0.804,0.727,5,-6.314,0,0.146,0.286,0.0,0.682,0.381,115.083,231133
386,17I27VXKtqXJHL6ReaG0eS,0.655,0.673,0,-5.98,0,0.308,0.473,0.0,0.0753,0.342,181.891,249520
387,55sDfih1fOY78CG5hWYXta,0.723,0.618,1,-6.885,1,0.0374,0.0438,6.78e-06,0.0786,0.683,109.995,146898
388,4KQ0rQMuQJf2SSQMwJFNhM,0.679,0.502,0,-6.197,0,0.337,0.664,0.000569,0.141,0.408,81.036,192593
389,7I1g5caSUDHvet0Pba0I5P,0.441,0.316,2,-13.291,0,0.043,0.71,0.0802,0.339,0.35,96.716,77024
390,1r4cq6ZPidlBrhBC5kpnCp,0.576,0.577,6,-6.231,0,0.303,0.0616,2.03e-06,0.682,0.681,171.153,161400
