id,danceability,energy,key,loudness,mode,speechiness,acousticness,instrumentalness,liveness,valence,tempo,duration_ms
3cWmqvMwVQKDigWLSZ3w9h,0.773,0.612,8,-5.73,1,0.232,0.0398,0.0,0.142,0.381,149.999,193575
0F13K9dwYH2zpTWiR8d628,0.693,0.434,4,-8.786,0,0.385,0.204,0.0,0.277,0.542,147.066,119738
2lLG56qpLP3UbcLuzMvkWX,0.856,0.57,9,-4.486,1,0.286,0.00637,0.0,0.0984,0.155,154.967,218943
0xTO5PsPfFuxiDSoOfADjC,0.741,0.575,11,-13.348,1,0.0431,0.904,0.946,0.0981,0.0554,103.009,236505
4N19azuZZs9MWmu9Aj9qXg,0.541,0.637,8,-8.894,1,0.0468,0.00128,0.0983,0.371,0.138,119.996,456047
2lpIEGYL4VgE1SfRx3xPXS,0.625,0.88,6,-7.872,0,0.0656,0.037,0.458,0.0869,0.535,121.006,337240
3VvgPMcqXX8jHahJP1yyNY,0.531,0.725,0,-8.345,1,0.661,0.285,0.0,0.13,0.388,118.851,226160
0OM6eOXINtkAe74QgDMBI0,0.819,0.396,1,-10.602,1,0.309,0.0712,0.0,0.0826,0.27,157.029,218640
6ZFbw2SBejWu9SxbQ7lBDV,0.845,0.526,9,-6.945,1,0.274,0.000313,0.0,0.12,0.149,155.052,113427
4y6UbERZs3PZ0qsPYqe0Cq,0.565,0.919,6,-3.709,0,0.0402,5.12e-05,0.00492,0.04,0.441,120.004,230806
30XUVaCG8ghAiE45SnXLhn,0.553,0.868,6,-4.186,0,0.048,7.35e-05,0.0359,0.0934,0.5,140.054,216571
66rEcw8rK6iCc0UesDdqxs,0.52,0.957,2,-3.901,1,0.0939,0.000598,5.09e-06,0.19,0.449,140.004,230185
0VG4FMrArql0RNey03HuGd,0.696,0.468,7,-13.319,1,0.471,0.00815,0.0,0.0901,0.531,86.217,206759
3C8NPtcpwC7CLi4daDf7Zm,0.638,0.695,1,-5.553,0,0.1,0.0939,0.0,0.165,0.696,113.848,253748
27j5VkzmDtCDmC4pGI8AWM,0.764,0.38,1,-13.645,1,0.269,0.0676,0.0,0.0917,0.498,131.978,145471
6u5eHAZyrSVpyNfY9Dsg2M,0.693,0.713,1,-4.562,0,0.135,0.256,0.0,0.381,0.381,89.031,210813
0ENonhzxdhnqwITagQKx9i,0.716,0.627,0,-6.246,1,0.215,0.183,0.0,0.338,0.724,166.057,213587
62xMN5kjLSsRbmg1AguNCu,0.742,0.69,5,-5.901,0,0.13,0.173,0.0,0.406,0.764,83.982,254440
38skrqyWTNSfUTDuHxYhex,0.815,0.881,7,-2.627,1,0.108,0.195,0.0,0.477,0.871,119.673,138347
2ADo2Ezud2RzYvmbExnCcn,0.624,0.944,7,-2.842,0,0.046,0.369,3.49e-05,0.313,0.932,101.982,156793
4Zf2NvvTBxPBSFHtgUAQqq,0.809,0.733,4,-5.659,0,0.312,0.0142,0.0,0.176,0.447,176.019,82145
3wzzNVUogmnMXPt89u3XPt,0.73,0.769,1,-5.806,1,0.316,0.057,0.0,0.144,0.48,98.416,148573
2Z6hhV4Y6YIPVK8koSJ8Hv,0.795,0.74,10,-5.331,0,0.285,0.0936,0.0,0.238,0.632,92.423,158639
2od4traIZlCZrB3f09Ta7u,0.761,0.765,1,-5.994,1,0.209,0.223,0.0,0.0876,0.404,101.039,167213
4GYktiEn51I4lc3k6PlN7p,0.719,0.719,8,-9.544,0,0.0723,0.0227,0.717,0.0431,0.211,140.033,3652446
1kifCdwKtdnlhAKR9FzBB1,0.8,0.673,6,-7.976,1,0.293,0.102,0.84,0.0956,0.224,140.004,205714
6YoAkbFiCNUdHOLywIs6Z7,0.702,0.704,3,-9.39,0,0.109,0.0598,0.694,0.103,0.262,139.997,301714
6YyNJqxsekWoAEuHFMXdrP,0.828,0.733,11,-6.417,1,0.0672,0.0532,1.88e-06,0.0897,0.384,155.053,143721
3rou339h08XGH1OQDhqCmb,0.673,0.696,10,-6.779,0,0.298,0.0389,0.000135,0.332,0.417,123.589,316500
5e33pTEIbb5JZTcIcmeWvS,0.601,0.564,8,-7.316,1,0.395,0.0979,0.0,0.109,0.558,177.557,133778
0rp6r6gmFcfGemc3OnVWUl,0.552,0.68,1,-6.387,1,0.376,0.102,0.0,0.314,0.343,91.963,224000
2WAufixPkOjvrBtAdQQTbr,0.613,0.6,10,-5.621,1,0.281,0.108,1.67e-06,0.274,0.067,130.732,270671
6ujdLuZXkyp4yKOZSE64nM,0.653,0.547,8,-6.324,1,0.171,0.00898,0.0,0.116,0.248,93.631,163509
0s2eTTKN5deHJttejOJDhg,0.585,0.437,4,-7.145,0,0.223,0.923,0.0,0.154,0.618,80.178,76832
1FQGzPX5ex4z51lu5r0N8B,0.165,0.299,6,-13.22,1,0.0329,0.276,0.931,0.0972,0.0377,56.204,86552
1GQ7bQs2li51f8h7ltunpH,0.809,0.711,2,-9.389,1,0.302,0.0261,0.529,0.109,0.43,170.01,165535
5f0XCn8KXNK75IMkO9Rlf8,0.746,0.765,8,-7.965,1,0.21,0.0768,0.00666,0.417,0.418,170.047,156491
5MQLvznTLDzKHSA3PLkut7,0.505,0.842,8,-4.768,0,0.376,0.00647,0.0,0.16,0.433,85.874,224147
2Rn9QN7tzH1t3HvW3ylVUF,0.805,0.913,11,-3.439,0,0.367,0.29,0.0,0.281,0.711,150.025,297852
0TBuySbBzGo4Jgc410MvJp,0.456,0.929,2,-4.576,1,0.453,0.0415,0.0,0.121,0.393,168.114,236373
1zSnOzREFGGxctETl5xMDM,0.602,0.259,2,-10.995,0,0.0249,0.61,0.000179,0.101,0.383,96.408,306191
42lAqm0tcL61Od5X6Ah18J,0.539,0.363,9,-8.199,1,0.0312,0.81,0.0,0.289,0.791,125.388,151341
0OiXbUJ3nqLpPhZ3kdBAfA,0.399,0.274,4,-10.311,1,0.0334,0.718,0.00918,0.0988,0.243,100.234,187126
4qXkeXIGoeurOIr55CgyUu,0.896,0.488,1,-13.03,0,0.0727,0.0368,0.558,0.254,0.0312,122.986,190354
3JTQsfGvxPP1Xwqsl43iyG,0.631,0.447,6,-15.4,0,0.129,0.222,0.928,0.107,0.527,130.009,221543
2BtzjeVFADcNQNqbWoTqVH,0.57,0.527,1,-13.884,1,0.0767,0.000871,0.784,0.11,0.0455,126.9,282389
34gjUTfwfFLaPP35XMQUgg,0.547,0.739,6,-5.858,1,0.0453,0.00174,0.0023,0.131,0.278,115.929,205080
1QfJj4qobvzrxuccs88IRB,0.226,0.901,5,-3.795,1,0.106,0.0135,1.2e-06,0.336,0.447,171.765,213520
55Y2pJGOwe61KRZkgd29zJ,0.467,0.841,5,-5.906,1,0.0672,0.000354,0.00169,0.145,0.616,160.033,240387
44qgj5FoNRHgfTUn6Sm4Ls,0.652,0.765,6,-9.174,0,0.047,0.0531,0.239,0.248,0.615,148.986,198133
7h3mCPlHYCPuSG93s7M3Xt,0.603,0.358,6,-9.972,0,0.0284,0.808,0.0,0.0801,0.427,95.833,134948
1uFAI2C6r3YBQmXCAPGzZv,0.747,0.669,1,-5.781,1,0.0409,0.478,0.0,0.0792,0.34,130.028,149538
3pQr8EhSzvKN3ZZlaL4Pae,0.765,0.628,0,-6.385,1,0.0505,0.463,0.0,0.0798,0.686,91.95,185326
2shSGbDRvWNyR88jE44KM0,0.707,0.389,6,-16.981,0,0.0382,0.444,0.486,0.11,0.251,129.017,109000
1N94vFYPRIDOpMT3M1bg5k,0.583,0.367,1,-13.72,0,0.0711,0.77,0.823,0.133,0.0572,161.943,132593
2TQ08eAvkgWu4PQ80eRf7m,0.624,0.441,6,-13.349,0,0.0328,0.761,0.246,0.126,0.172,147.943,96486
18MC2XdOQYheFq5HAyK7rJ,0.284,0.617,7,-6.865,0,0.0813,0.0183,0.0,0.112,0.166,153.002,274680
19EnyPZhNPbRoCxAuv5pKD,0.654,0.587,10,-6.331,1,0.0439,0.026,0.0,0.589,0.288,100.014,281360
5WoaF1B5XIEnWfmb5NZikf,0.674,0.506,6,-10.532,1,0.0434,0.173,0.0,0.0866,0.183,145.965,259333
3Tlkud5UiGv7FCc3RcYbhG,0.755,0.472,11,-9.286,1,0.342,0.0481,0.0,0.198,0.463,150.078,150600
0dTCvZga5dOD59rVW6rtof,0.686,0.448,5,-8.396,1,0.0396,0.0515,0.0229,0.113,0.312,125.002,262973
4wO7V8MuYSJ3BnSdj1CCiy,0.734,0.461,7,-8.019,0,0.233,0.101,8.21e-06,0.105,0.36,145.031,186400
6wZTehrzOwHJWoHQWJhl1n,0.678,0.509,4,-11.536,0,0.0582,0.523,0.0554,0.141,0.358,136.07,152333
1l32mo5oW5oIRRjNnVJBNR,0.684,0.564,0,-8.45,0,0.0432,0.363,0.332,0.118,0.52,96.357,220587
01bfHCsUTwydXCHP1VoLlI,0.784,0.682,1,-8.614,1,0.0962,0.185,6.25e-06,0.106,0.967,112.512,191027
2hPNuVVSV1tqiD2uPlfehz,0.529,0.598,8,-7.951,1,0.187,0.0968,0.171,0.189,0.691,92.01,321853
5pI2sPNVGcvR3n4vHzhuNF,0.386,0.2,0,-20.666,0,0.0468,0.388,0.0747,0.41,0.0799,87.854,71111
1pclizTN2rAs7MsCbWQ49e,0.734,0.452,2,-11.9,1,0.0805,0.606,0.0134,0.0939,0.207,134.899,172000
3iTYNXjrgPE3edTwOnx6KM,0.911,0.462,4,-8.298,0,0.0787,0.0281,0.00157,0.106,0.568,114.982,162783
3qPLOJ6ij8dcO94ntWUzan,0.822,0.494,11,-8.212,0,0.0822,0.153,0.0,0.114,0.537,122.022,212937
7fI7sjuVLkLVPO9oYjdgxg,0.517,0.59,1,-7.904,0,0.122,0.278,0.0,0.304,0.269,123.928,187742
1l13Q1jtQzKiMtn5cBoyIa,0.643,0.951,5,-5.098,1,0.0279,0.00106,9.88e-06,0.0788,0.701,140.078,199760
2Acvn67jFlfvb0bi9ETUMm,0.748,0.555,11,-6.823,1,0.369,0.378,0.0,0.158,0.194,99.593,169000
4LWs9AcaqoFQsWKeEa1Z80,0.785,0.647,0,-7.455,1,0.0557,0.362,0.0,0.0963,0.595,100.042,154800
3qbEYueRzTeCAwxp7aFiWR,0.541,0.509,8,-10.661,1,0.0779,0.429,1.09e-06,0.11,0.58,78.809,173806
6fNRBOVt73FkWW9zMYtvh4,0.078,0.21,4,-19.814,1,0.0437,0.956,0.399,0.306,0.432,80.362,20053
10qORBVaKgjIwvPknOdWQ5,0.538,0.625,11,-6.07,0,0.0457,0.24,0.000153,0.119,0.206,96.8,278493
4EC7nw1iltEdsfZ44vLvhM,0.807,0.514,7,-8.594,1,0.0749,0.211,0.0,0.0934,0.37,116.0,262013
1m7vcCLcWDuo9JBb5gMN3u,0.541,0.628,0,-11.177,1,0.0412,0.035,0.591,0.0886,0.0396,115.974,158849
23leKPcNMfdUbQ8tL4uVJk,0.779,0.41,2,-7.312,1,0.0323,0.0136,0.345,0.173,0.307,116.987,264901
0Jgt2gqs0SRldv9VOoQupf,0.624,0.803,0,-6.659,1,0.0338,0.00129,0.778,0.126,0.539,117.02,258476
4qSeVRw2SPqZnHWsLXfHJE,0.657,0.6,2,-9.64,1,0.049,0.137,0.944,0.109,0.0315,117.976,215895
5i3Rv4Y9kWVBX00zaZbuSE,0.756,0.527,8,-11.861,1,0.0428,0.00201,0.509,0.112,0.248,119.996,416500
7lavgUt5Y3HxSKxt93vinb,0.737,0.585,10,-10.198,0,0.0435,0.00994,0.00532,0.0787,0.877,122.009,209001
1YWE7cMqo4iVNdPTpH4Khj,0.711,0.686,5,-6.409,0,0.271,0.0355,0.0,0.124,0.536,146.971,173187
7IDJ19VgYwZSzDH5Ku5FT9,0.911,0.573,2,-5.573,1,0.163,0.0112,5.83e-05,0.131,0.145,144.026,271840
4Ew8VKrbgrjCt9r2AuItFm,0.652,0.578,0,-6.187,1,0.161,0.00861,0.0,0.285,0.195,87.395,207213
0yMgLZquCYQjDBwjKnRQJ9,0.637,0.608,8,-9.875,0,0.344,0.224,2.1e-06,0.11,0.583,168.026,160032
790fgRFM6Bh5CpDQpRYvGX,0.65,0.475,2,-11.977,1,0.382,0.316,8.74e-06,0.113,0.724,78.821,182000
6gBVld0TEIIRQdpRWhtCJF,0.65,0.669,1,-8.216,1,0.392,0.219,2.34e-05,0.1,0.736,79.115,182280
1H4BiYE8G4XuaKpVxvtJ4n,0.417,0.809,0,-4.061,1,0.0466,0.000212,0.0,0.0966,0.654,179.998,155562
6MzsfRoYing0YOe9LhBVen,0.31,0.834,0,-4.245,1,0.0572,0.0011,0.0,0.0729,0.459,132.974,194959
2HVTOpuW5zmutgWItqrWSI,0.577,0.946,2,-2.48,1,0.0437,0.0152,0.0,0.183,0.482,106.038,192659
0NT549rDgSRLdehnotM9Wz,0.266,0.348,10,-21.803,0,0.0538,0.21,0.043,0.143,0.217,140.324,38651
6gbhXCgHidtjsBN1S5qycH,0.585,0.439,1,-6.822,1,0.0301,0.816,0.0,0.0635,0.514,132.729,124186
5FyrDkl5DAwI3HuxL6WcQJ,0.656,0.656,1,-6.276,1,0.0552,0.657,0.0,0.094,0.734,81.008,191933
09Ax76xrXhUm13zCwkuxiv,0.788,0.536,11,-4.765,1,0.206,0.831,0.0,0.181,0.342,113.013,135704
3KEtYxU8b1gZMbsY9Jlpqd,0.687,0.839,0,-3.434,1,0.111,0.0424,0.0,0.656,0.537,162.994,355796
3G0KI415vuf6TJ2YWA73S3,0.765,0.75,5,-4.626,1,0.0528,0.16,0.0,0.314,0.566,101.998,203529
1bnw4O0HAKTF63Y4OQ3kgb,0.43,0.542,6,-8.201,1,0.14,0.46,0.0,0.113,0.299,137.053,185143
1KIqWYCRpIJq5yqXVCeeaR,0.613,0.706,8,-4.886,0,0.107,0.476,0.0,0.121,0.533,165.959,190198
0hjcNhYo0JNoWQxSj05Fig,0.551,0.443,6,-10.467,0,0.0471,0.069,0.0,0.0756,0.298,134.082,266153
6DJrZebjqig3D4AoGOvIrz,0.423,0.934,0,-6.012,0,0.25,0.0015,8.84e-06,0.186,0.274,167.037,232130
5buK9fmCLWolU2FGOuFfJv,0.447,0.953,3,-4.996,1,0.0668,3.64e-05,0.0,0.194,0.397,120.003,164815
1I2MDTP1pUiwlhFeEV7kx4,0.308,0.905,8,-4.115,1,0.0913,0.000449,0.0,0.227,0.344,195.724,194978
5CQXesQM39J0CBnY0Npp6S,0.763,0.411,5,-8.339,0,0.211,0.0594,5.35e-05,0.0912,0.461,75.029,133978
601dhwn8qc31FrSlMu5wEf,0.835,0.753,2,-4.167,0,0.0521,0.204,0.000186,0.384,0.583,105.982,143790
7mLPSkAJraASgNk6ywyTkp,0.634,0.725,0,-4.88,0,0.0577,0.0754,0.0,0.208,0.845,159.898,154375
7xENAAODeE2hKzdWFI6YaB,0.269,0.387,6,-13.482,0,0.0382,0.44,0.895,0.126,0.0494,84.823,90480
42pKWuJst0oAuUbTvkNqr6,0.752,0.546,5,-6.052,0,0.0564,0.163,0.134,0.1,0.863,152.08,236320
5OIz27S6SQOJtweneBd6QP,0.822,0.874,6,-4.006,1,0.113,0.0895,3.71e-06,0.0737,0.369,155.032,172053
5WPMA58wFC6t0RkeTdOQHm,0.653,0.835,1,-4.382,1,0.159,0.157,0.0,0.251,0.728,101.167,285228
1eQXOW0ouxAFMYhppeQEQ0,0.592,0.493,7,-6.296,1,0.0378,0.0454,9.9e-06,0.0888,0.244,82.008,220387
4Uv65Xq0mnBeR3JNc0e7I0,0.475,0.529,8,-4.772,1,0.316,0.627,0.000564,0.347,0.468,86.197,328293
4JQyZ9udcxgmyGuBD7ipVN,0.215,0.255,9,-20.25,0,0.0322,0.872,0.967,0.109,0.0396,79.928,661840
4U6EyUkA9NetwuxNiACu8O,0.77,0.491,7,-9.593,1,0.0493,0.000653,0.846,0.0571,0.231,123.999,546098
5UAS2CPZ1KFBhHigDBPS2X,0.716,0.514,2,-12.967,1,0.0374,0.000162,0.867,0.0996,0.11,124.996,477785
247gen9COadkVYdH21C7xw,0.861,0.35,11,-7.09,0,0.39,0.19,0.0843,0.0627,0.461,123.023,297500
37gQPtDbc2MtsLhqqFEqSO,0.905,0.694,4,-5.799,1,0.167,0.005,0.105,0.0561,0.633,124.965,239124
1lEcPbdaG61e4K9uqAqBJP,0.888,0.792,10,-2.665,0,0.0421,0.003,0.00824,0.0696,0.628,124.001,268044
2XtaNnPCaM1jAbPaZnADEP,0.554,0.236,4,-12.135,0,0.0568,0.417,0.000317,0.0669,0.0396,137.969,226717
5fJR8ccEdphPmt6MpedsGQ,0.615,0.571,1,-3.843,1,0.378,0.133,0.0,0.0755,0.188,128.423,242911
76K8QzBtjSSSvcjvn6vvXQ,0.541,0.82,2,-4.433,1,0.383,0.31,0.0,0.227,0.361,94.748,221584
1Thgdu4MW08GCwFP6IK2xg,0.937,0.456,7,-9.129,0,0.234,0.16,0.0,0.0879,0.553,99.993,163200
0xziSPDtQajuUHrMDSI4gO,0.668,0.79,0,-7.18,1,0.0452,0.0139,0.0,0.0549,0.4,126.201,166737
0fFzdYZmUCl94y7bsVy5Qd,0.612,0.684,1,-7.443,1,0.0886,0.0523,0.0013,0.106,0.13,100.026,211200
5pzPN4hqqkiXsolJr3BLPZ,0.574,0.433,8,-10.394,0,0.327,0.919,0.0,0.265,0.834,125.97,35903
7ajqe1XfSSVuys632BHgR5,0.949,0.802,1,-5.255,1,0.363,0.00857,0.0,0.225,0.917,135.14,186201
5dPMBZQp9eArP9AakFJJv3,0.969,0.727,9,-6.991,1,0.0819,0.0062,0.0,0.148,0.26,127.993,146632
0IjfAApF4HJou8rW3cvuII,0.721,0.998,1,-3.133,1,0.0813,0.00363,0.402,0.266,0.907,160.025,234844
1LfczmVqfIKzd8nvXuciNx,0.592,0.837,8,-4.341,1,0.17,0.00633,0.0,0.12,0.287,121.897,234187
23YnNdMxMHJFkvkjLZvKU4,0.423,0.585,8,-5.409,1,0.0587,0.00371,0.0,0.104,0.239,183.819,204933
7cN8mxsBS6necOYT0MevRx,0.81,0.533,9,-5.444,1,0.0428,0.416,1.28e-05,0.208,0.583,98.025,203573
2bbaHo4W5t746SONqsrjlU,0.665,0.433,6,-7.668,1,0.0634,0.528,0.0,0.144,0.219,80.092,171187
1g74Cjek5nDVpWkAdcqxkU,0.779,0.628,8,-5.771,1,0.127,0.0829,7.18e-05,0.128,0.21,99.938,162645
2YKmZP9f5lL4AQ7R0V1ez6,0.791,0.636,8,-5.456,1,0.288,0.237,1.65e-05,0.103,0.466,132.991,183430
5q28kM3GEG3pQjq2eMvtys,0.804,0.599,9,-9.698,0,0.047,0.00135,0.649,0.101,0.331,120.025,526516
7LkWuyf6KGge7fsEofMrjk,0.663,0.82,4,-11.067,0,0.0421,0.0092,0.903,0.0784,0.119,123.002,491708
4A3QKsWQWfbBoFqfclZ2vL,0.583,0.41,8,-17.205,1,0.0316,0.458,0.868,0.107,0.268,123.017,390001
0vZcvKWsurCvO0l0caXb30,0.549,0.631,11,-9.012,1,0.327,0.208,0.0,0.109,0.589,94.872,194933
1Xlls73jkAl3otWcCbIVyw,0.77,0.535,6,-9.273,0,0.43,0.349,0.0,0.288,0.749,157.079,147767
1ZSjmPEiMr1kLT0ipTPzZt,0.723,0.648,2,-6.844,1,0.361,0.236,0.000277,0.245,0.655,140.917,232433
6RMpihqnNQ9JcO37ErNi9f,0.607,0.719,7,-7.774,1,0.0334,0.000747,0.934,0.294,0.871,135.96,285896
3MjY6J6M54uARlFnc8rixo,0.603,0.868,0,-6.764,1,0.034,0.00051,0.00851,0.104,0.333,156.005,193846
1WLqDKmGYCA4FYlsCksbjE,0.662,0.682,10,-5.97,0,0.4,0.712,0.0,0.0817,0.529,145.059,125793
2qkGjI7czKW5oba8dGjecz,0.655,0.777,8,-5.17,1,0.0848,0.0852,0.0,0.287,0.703,139.957,118328
0CHKBGa53s2qV9mozCy8ny,0.723,0.658,7,-6.851,1,0.273,0.741,1.5e-05,0.11,0.395,95.86,162825
1RNta2Wrj5QL684vNJ35Ku,0.44,0.675,8,-5.879,1,0.186,0.593,7.43e-05,0.471,0.355,75.516,275283
3P0mZWUWThSofCgvC9ZJYH,0.548,0.689,7,-7.287,1,0.131,0.267,0.0,0.19,0.259,75.11,196756
1kpZPLcrLULlN05Ps7q8gM,0.474,0.688,1,-6.047,1,0.184,0.401,0.0,0.657,0.741,152.087,203400
3OtPPu8df9ggUt8hvSV0PV,0.434,0.525,7,-11.359,1,0.13,0.152,0.0,0.303,0.744,81.245,132000
6ZBBtds5w5YXSpB5F4Jemv,0.718,0.431,0,-10.517,0,0.289,0.0909,0.0,0.11,0.747,89.96,181333
7uVFXH1bXQJkyYZNaO41ps,0.653,0.606,11,-9.284,0,0.328,0.487,0.0,0.105,0.523,82.073,190244
1DsqsyTbsmGvCWjmvczxri,0.496,0.4,9,-12.725,0,0.0584,0.94,0.000201,0.127,0.584,72.076,150236
75vFJfZYeZLhEoAiQtZkfb,0.356,0.403,3,-8.851,0,0.0343,0.784,7.2e-06,0.107,0.193,98.885,228830
63WNl0pDUQ0cWEyIhJcUrg,0.536,0.499,5,-9.975,0,0.0764,0.721,0.0,0.124,0.341,94.096,228286
5XUBGO6zQBYBpIRzqvX9Zv,0.842,0.666,4,-6.569,0,0.16,0.0122,0.000203,0.113,0.459,106.004,151104
2shSGbDRvWNyR88jE44KM0,0.707,0.389,6,-16.981,0,0.0382,0.444,0.486,0.11,0.251,129.017,109000
1N94vFYPRIDOpMT3M1bg5k,0.583,0.367,1,-13.72,0,0.0711,0.77,0.823,0.133,0.0572,161.943,132593
2TQ08eAvkgWu4PQ80eRf7m,0.624,0.441,6,-13.349,0,0.0328,0.761,0.246,0.126,0.172,147.943,96486
5JUmEkTZZITl6BjvxiBeEl,0.632,0.658,10,-7.875,0,0.0301,0.0632,0.00828,0.0808,0.612,77.963,250760
5Mdkb3DOSbO2iBw78W4IDi,0.344,0.622,0,-7.165,1,0.0341,0.00879,0.0,0.131,0.214,111.407,289360
3J0E599eBLtDYNTUFYgDGN,0.435,0.303,7,-11.085,1,0.0382,0.596,0.0,0.144,0.238,118.615,270253
6FpRSL9YC489a1EfCOrKhR,0.685,0.481,6,-9.766,0,0.0951,0.441,0.0,0.129,0.465,125.974,201130
6te6WAI3XrDG8GcB0zm8r8,0.658,0.735,10,-6.193,1,0.36,0.522,0.0,0.169,0.49,130.788,157069
3MvBJsVTKoA3ANpQsuz6nd,0.722,0.714,10,-6.294,1,0.342,0.49,0.0,0.185,0.432,66.66,157069
0SdS7QySc8hx8kAi1Tku3c,0.727,0.832,10,-6.233,1,0.0721,0.0858,0.46,0.249,0.807,155.098,161845
7GJVqqE79WOl8ncT7Y4z0L,0.76,0.71,9,-4.984,0,0.0428,0.205,0.0,0.349,0.707,111.957,184196
6ob621boKEDPUrWroJuoJS,0.799,0.72,10,-5.27,0,0.136,0.175,0.0,0.112,0.46,94.998,186508
3uCkrD3jviXdkdScSlSabk,0.533,0.704,1,-5.307,1,0.0649,0.124,0.0,0.0572,0.6,149.745,172892
41Pezz8jOFGYtax20GRwAJ,0.732,0.996,3,-7.779,0,0.0723,0.244,0.902,0.141,0.765,160.011,268625
0Ncs4enKXg2DJP82UoMsL3,0.685,0.81,6,-6.297,0,0.325,0.0682,0.000489,0.0883,0.442,159.804,176000
1h0rVgfuKa6V9DkVSLAc4Q,0.742,0.543,8,-8.77,0,0.211,0.125,0.0,0.237,0.407,129.091,186173
3OGCNLxpBmTYRxPZg2yDE5,0.767,0.662,5,-4.856,0,0.0578,0.103,0.0,0.123,0.259,143.943,193333
7MLGkncjEGTfKHpNa5UgCQ,0.395,0.667,5,-5.237,0,0.215,0.262,0.0,0.0858,0.368,79.905,179480
2fKUMYknbSWF7WOKwMQUZE,0.82,0.808,1,-5.883,1,0.0561,0.0194,0.704,0.103,0.511,140.015,359817
1ZF05CfjZO3ovYTXhUxOxm,0.776,0.338,0,-8.31,0,0.115,0.0495,0.933,0.0718,0.0506,140.005,308571
4ezxgFcW3CXj6hbCgFcnPk,0.771,0.698,1,-6.668,1,0.119,0.00309,0.358,0.0954,0.0478,139.995,314286
0mqEfb7OJ9RjclTFotbP0h,0.571,0.759,6,-8.727,0,0.0293,0.00287,0.935,0.0878,0.331,105.013,221429
6oGHUWyTPP6cNwp7aItGYn,0.658,0.776,1,-7.305,1,0.0391,0.0003,0.194,0.694,0.359,119.998,324000
0z7dWa0TyhiZ9ydSVufTDX,0.553,0.639,10,-12.281,0,0.0323,0.000716,0.773,0.327,0.156,122.009,598033
65M7muGNDnuYo7BMSG00Ox,0.258,0.904,7,-3.586,1,0.0482,0.0269,0.00394,0.229,0.477,176.192,252800
0EDmOilel4U3uBmfvAUkua,0.49,0.609,0,-5.661,0,0.051,0.332,0.0,0.117,0.485,169.084,226387
4LzWe91KPQtHsORdmf04c5,0.418,0.787,9,-5.446,1,0.0501,0.0451,0.0,0.279,0.622,178.156,250267
2E9wJOJzJr7ZEt0M2NN2qf,0.686,0.915,5,-7.481,1,0.0339,0.00424,0.745,0.0731,0.364,147.022,291084
38DaSNFliMi6pDKVox4rZl,0.311,0.206,1,-11.05,1,0.0391,0.771,1.88e-05,0.101,0.302,81.765,227857
58fKkGBBafcv7tfe6ZMHnK,0.593,0.195,7,-12.271,1,0.248,0.939,0.0,0.218,0.451,120.619,118167
03k0LHMu9ZBqmrlVeJPhQm,0.492,0.248,11,-10.958,0,0.0837,0.857,0.0,0.341,0.467,96.146,168142
6hwQuTsRfWwuVvxoSWvQzC,0.521,0.643,8,-8.387,1,0.312,0.112,0.0,0.121,0.501,108.298,221429
3E6TU4XDL3X5e2HmHrmonz,0.768,0.735,1,-5.657,0,0.117,0.084,1.01e-06,0.103,0.679,76.011,126316
7G02ezhyFpe9m9e8zb57x6,0.74,0.84,1,-5.245,1,0.0555,0.0199,0.0,0.095,0.641,83.529,189701
6LAfjPkfCAy4ZVqvvfutMF,0.398,0.987,5,-8.536,1,0.0478,8.06e-05,0.964,0.0848,0.0381,152.019,249416
3oM2PoOCuD4gHjf6O1GCoB,0.681,0.612,7,-12.165,1,0.0416,0.0013,0.3,0.205,0.0675,169.991,176809
4Lk9kmajQPOZEVcBaBSjNL,0.493,0.855,7,-4.964,1,0.0409,0.000259,0.747,0.0806,0.0774,156.078,172448
2fXjjTSWCBNhxoSQ451c8Q,0.789,0.691,8,-5.353,1,0.0648,0.105,0.000434,0.144,0.322,90.034,152000
57Qgl9saFjjlwllMD8gITb,0.529,0.94,1,-4.294,1,0.119,0.0166,0.0,0.456,0.243,170.068,231667
0aWABDktvErsSRKh8JK07R,0.637,0.848,11,-6.226,1,0.0411,0.0245,0.0,0.0424,0.563,136.001,122179
3S3AGAoZ3kIjkiesjqmxcF,0.741,0.896,2,-7.514,1,0.0602,7.73e-05,0.742,0.487,0.914,145.019,269793
2SdF9IBW2NJ7ZYO3imqVnT,0.643,0.305,1,-12.841,1,0.486,0.482,0.0,0.664,0.482,102.245,85613
6lCzAcWezcMroTYV4nZgDQ,0.703,0.404,1,-12.828,0,0.362,0.00251,0.0,0.126,0.256,75.524,200773
16PwJffEjvS0WjbaG92ScL,0.609,0.576,1,-9.992,1,0.45,0.119,0.0076,0.1,0.527,163.817,159147
5QzQJsLlFqpF9Bo6ap9LUe,0.662,0.864,11,-7.697,1,0.275,0.201,0.000413,0.465,0.505,169.792,146824
1Igy3egsujfV4WphlW0B7K,0.334,0.964,2,-3.779,1,0.172,0.0472,0.00249,0.323,0.232,142.75,270867
48aeM2uXRzERwpVreuDfgx,0.424,0.967,11,-2.861,0,0.06,0.00589,0.000941,0.139,0.386,149.591,195707
6YXsLokYUPy8vuKYHYNkzl,0.474,0.961,11,-5.555,1,0.085,0.223,0.000788,0.426,0.354,105.241,232267
5P1xoG6d717amdXNtciL0W,0.509,0.466,1,-11.896,1,0.0914,0.023,0.798,0.348,0.0564,97.952,216224
3ntABAdew36TDaGrRc2qVn,0.775,0.532,1,-9.259,1,0.07,0.00259,0.00288,0.325,0.246,120.071,139000
1Jb3aEr9uqkxTdImiwIScI,0.865,0.474,1,-9.166,1,0.293,0.0428,0.0114,0.14,0.306,106.025,139180
6Qq5BKqusx4fCW9XedfE59,0.822,0.508,9,-8.784,0,0.0977,0.000331,0.00593,0.119,0.855,136.037,104118
2MOZ9FONn9qK59kwxUhxxZ,0.754,0.857,7,-8.696,1,0.144,0.0283,0.108,0.0396,0.96,160.031,126566
0YAQf04xIMNHngFbQjXUsy,0.878,0.814,10,-6.752,0,0.115,0.0331,1.02e-05,0.291,0.924,124.024,89200
0szPyERyieVe2ivJTLMJFW,0.493,0.927,2,-3.246,1,0.0576,1.26e-05,3.66e-06,0.246,0.312,102.536,213192
5RkopTOlz5MHulrlykFURX,0.358,0.91,7,-2.487,1,0.125,2.18e-05,0.0,0.264,0.728,199.955,188155
0Ej3228AbSquN7fxkwgTJf,0.511,0.876,2,-2.555,1,0.0431,1.96e-05,7.35e-06,0.077,0.682,92.467,138461
28K8GaEFPPUK2mlqkMxVYY,0.808,0.739,4,-5.444,1,0.32,0.119,0.0,0.765,0.823,155.1,117677
323pmxZ4FNOY4OuIFM1X5s,0.797,0.696,9,-7.374,0,0.0863,0.0193,0.208,0.23,0.823,110.952,134905
2fcsmH8Pb2gCa3WHWPwQkB,0.783,0.972,6,-6.659,0,0.126,0.129,0.00583,0.125,0.259,153.977,140260
0hL9gOw6XBWsygEUcVjxEc,0.608,0.754,8,-5.277,1,0.0719,0.0305,0.0,0.119,0.455,97.071,222085
1PH2MDbcBAU094DlgTIND1,0.657,0.553,10,-7.08,0,0.0394,0.254,0.0,0.129,0.576,134.925,184889
3KCNiDi9Pza6ZD8FggNoaw,0.517,0.539,9,-6.474,0,0.038,0.000564,1.4e-05,0.537,0.531,108.984,255413
23d8v6tU6lR77pFKsApMtF,0.529,0.711,11,-5.016,0,0.0669,0.572,0.0,0.0799,0.582,170.305,379059
4MjDJD8cW7iVeWInc2Bdyj,0.787,0.621,4,-5.009,0,0.068,0.15,0.000402,0.58,0.13,139.056,267194
3nNmRE0DxHC6ZaKkrpUumS,0.847,0.724,1,-5.41,1,0.298,0.0869,1.11e-06,0.118,0.396,94.601,216328
7y3GyT2J7tcqZKb5ND4BAP,0.468,0.704,0,-7.122,0,0.0581,0.887,0.0,0.427,0.802,60.822,65106
64Gag4P7kkhhHRRj3w9pvQ,0.619,0.808,1,-4.965,1,0.284,0.448,0.0,0.361,0.65,84.846,214588
4sblqX31CbhXao931HDudr,0.856,0.628,9,-4.713,0,0.0516,0.12,0.000115,0.146,0.844,120.023,177500
1Z0k8edcrSSAzJPTH3UsMS,0.512,0.899,10,-4.924,0,0.351,0.629,0.0,0.224,0.762,89.915,420614
7qCmHHeIOth1iHlm7IwYkm,0.439,0.831,6,-6.375,1,0.433,0.424,0.000358,0.127,0.462,129.671,191125
3pvKYDXBqORugx13kU3zv6,0.608,0.68,9,-5.547,1,0.263,0.135,3.27e-06,0.23,0.445,86.311,166225
7h02U5HuG4u2AdAvCuKHEn,0.652,0.788,9,-5.556,1,0.25,0.219,0.0,0.528,0.801,146.892,124187
5Drb8T3E91qPZgtZqFJAXn,0.838,0.909,11,-5.019,0,0.325,0.194,0.0,0.334,0.933,112.831,167088
7jNBvVX1nYnR1HoMiwMG4O,0.658,0.709,5,-4.534,0,0.272,0.263,0.0,0.11,0.612,164.222,229825
2j7kOecOIn93w0mNCzHvfk,0.623,0.816,6,-4.112,1,0.0626,0.285,0.00241,0.208,0.878,195.095,159295
5xMw6qCcpd2gBXPGTegC4W,0.507,0.657,7,-7.356,0,0.233,0.669,6.97e-06,0.0947,0.506,119.159,117773
3OHfY25tqY28d16oZczHc8,0.644,0.728,8,-5.75,1,0.0351,0.0543,0.169,0.161,0.43,88.993,153947
6eT2V7nKXyMf47TwPbtgAD,0.651,0.647,1,-5.415,1,0.0654,0.437,0.175,0.205,0.345,152.069,203733
48axtMZydYc4As6TTRIHne,0.805,0.805,1,-4.776,1,0.204,0.2,0.0,0.409,0.758,137.969,171781
4wl5EEizeHB7hYHXrhrc3d,0.692,0.664,2,-7.977,1,0.0621,0.127,1.03e-06,0.302,0.269,130.136,184764
6ztQb77V2wIVnuezpPHx6j,0.697,0.852,1,-3.877,1,0.268,0.142,0.0,0.156,0.604,109.495,174545
0RwKY0VsFDGmZYjO8KniOT,0.733,0.765,9,-8.928,0,0.159,0.00871,2.53e-06,0.203,0.398,114.035,185263
01yPIy6YItOhGeVv3xqrlW,0.447,0.703,3,-4.693,0,0.0552,0.0218,0.0,0.122,0.625,139.162,134000
2YLgivZUK6X50QtopYr1sK,0.679,0.615,1,-2.754,0,0.0851,0.451,0.0,0.109,0.367,84.49,302485
57q6BgYP4gN6hPQViCB3um,0.655,0.869,1,-4.342,0,0.212,0.141,2.32e-05,0.312,0.0818,135.809,140133
3oHkMCVJyOcjg5FhfLc2Rq,0.428,0.754,5,-6.416,0,0.179,0.3,0.0,0.136,0.394,125.948,315773
52eYVUkFTOVozbVFIaFrnV,0.512,0.783,1,-4.013,1,0.269,0.139,0.0,0.0831,0.33,69.88,208373
64AFaYBDp89extHpLR39Bk,0.43,0.918,7,-3.798,1,0.0394,0.00072,6.16e-06,0.0701,0.406,144.135,205947
1qXzh6ir6gviByVmMePzqt,0.397,0.929,8,-3.888,1,0.0583,0.000272,0.00474,0.0784,0.672,170.52,189160
0gyqfFBeBVMNxE4RDfazbq,0.55,0.917,0,-3.159,1,0.0638,0.00428,0.0,0.197,0.601,126.116,177827
14EEoqEWJobTH32ORfQq0H,0.24,0.496,3,-10.943,1,0.0426,0.843,0.000406,0.0903,0.368,170.69,247880
2Pnsm3hJtTb43aPPSPCtGU,0.515,0.486,6,-6.945,1,0.0336,0.6,1.26e-06,0.329,0.344,71.962,256987
5Ff3Trj79m5J5LfFGENK0X,0.586,0.573,4,-7.791,1,0.0303,0.591,2.77e-06,0.213,0.651,130.078,205613
5tG3SSYVdaUhayj4lTN7ou,0.688,0.675,9,-7.405,1,0.0447,0.0858,0.0,0.271,0.581,127.46,214147
2U5nSTWTAPh4fQBRl66ikr,0.582,0.909,4,-5.928,0,0.0564,0.0585,0.0,0.226,0.634,134.039,240747
2WSmg15rthRjoHEWwHJ0kg,0.661,0.747,5,-6.464,0,0.0378,0.0175,0.0146,0.0797,0.946,142.996,212613
2910bdxcZoFDyIP1RVtlW3,0.402,0.363,7,-9.862,1,0.102,0.0213,0.269,0.0961,0.332,184.185,95000
0EwmL7907XaZyoOm9Q8iSg,0.662,0.722,8,-10.444,1,0.0685,0.00152,0.596,0.446,0.325,130.056,186466
56zZPmDs2BTLPpPn654je1,0.843,0.868,9,-5.032,1,0.123,0.0391,0.437,0.11,0.138,130.004,156462
0qTRXaX6tHYqgtvNLLgSeT,0.469,0.908,10,-3.494,1,0.0624,0.0189,0.0,0.246,0.794,171.472,167066
0QVIJHC3becmpDazh0QOwj,0.407,0.96,2,-3.338,1,0.181,0.00027,1.1e-06,0.275,0.477,173.846,207976
4W10gOMjBadPZMkxuZKVnC,0.517,0.655,7,-7.461,1,0.0265,0.117,0.000129,0.122,0.329,66.87,210866
5LYMamLv12UPbemOaTPyeV,0.72,0.715,11,-4.652,1,0.04,0.258,0.0568,0.107,0.357,107.041,193813
1qEmFfgcLObUfQm0j1W2CK,0.714,0.728,10,-4.595,1,0.0468,0.298,0.0,0.106,0.901,114.996,177955
4j6kId9QIqhoXvqHKgSKa0,0.645,0.721,5,-4.394,1,0.0336,0.357,0.143,0.204,0.88,182.928,191959
5367Vj9YTGVTKf5HEAiO5x,0.731,0.887,8,-5.234,1,0.0419,0.074,0.104,0.301,0.794,155.016,155613
2OXMjA7s52Ek5VQptbHbH2,0.748,0.931,8,-5.368,1,0.101,0.0414,0.292,0.0972,0.839,155.018,257032
43dypLxBZqo8KlPdsJOmwy,0.776,0.846,10,-8.005,0,0.0558,6.88e-05,0.911,0.0627,0.334,122.006,515087
75ZwwjR68apvZnNeTzBken,0.749,0.744,0,-8.497,1,0.0486,0.011,0.926,0.0796,0.0548,124.99,453110
2THUHS6EFuW3OcBBU79Fls,0.71,0.673,1,-7.384,1,0.0434,0.000192,0.914,0.11,0.652,123.989,394821
4nwibExnKohB4zPhyGEMhp,0.62,0.806,0,-6.927,1,0.0438,0.34,0.0,0.416,0.521,102.972,250487
0q1CvPwGixdl62GbJPgroY,0.407,0.822,7,-7.028,1,0.0434,0.183,4.42e-05,0.707,0.344,107.769,234439
3Z08m28Rv2B699xx5CwAt9,0.512,0.663,5,-7.45,1,0.238,0.657,0.0,0.198,0.401,110.981,267246
2zaNZhTfCmqn8YSeQyNS73,0.883,0.593,11,-8.761,1,0.071,0.0716,0.0,0.123,0.647,83.982,241560
6cdOcqRRB3eSMWqK8Mb20m,0.744,0.368,1,-6.349,1,0.0524,0.0702,0.0,0.192,0.391,84.018,241307
2f7mJfaDQ79Vg5tTxXNxaS,0.772,0.799,6,-5.562,1,0.0532,0.0484,0.0,0.203,0.723,99.957,237453
0qZ03ABKZsGbGhvh1zbbil,0.33,0.777,6,-6.316,1,0.0838,0.00315,0.00227,0.167,0.236,114.309,227478
6Pd8HUW71iIjalkxJbo8FP,0.369,0.977,7,-3.39,1,0.104,4.62e-05,0.000829,0.41,0.173,107.779,226187
3zQy3N1K8Mk5QknfFuVGNc,0.451,0.981,7,-4.208,1,0.0857,0.000294,0.0308,0.318,0.325,116.231,198067
13cI0USnl3puOPCBRFK6Xp,0.421,0.683,9,-10.267,0,0.0679,0.463,0.465,0.367,0.644,80.075,94907
09kYuK9gLUai92QYwsrU49,0.611,0.426,8,-11.773,1,0.274,0.409,3.4e-06,0.485,0.8,75.401,113187
48gtujiZ77wSZ29aWZe84V,0.47,0.5,2,-9.508,1,0.197,0.777,0.0,0.23,0.548,57.161,141187
7yuNJWggXtJYkBDptulp06,0.914,0.672,5,-6.145,0,0.262,0.0739,0.0,0.0639,0.781,101.006,153000
3iFzOktkvJZrc4ohNN7nOn,0.543,0.937,5,-2.833,0,0.0871,0.00352,7.63e-05,0.344,0.54,144.981,95548
6Bax2efgOZb7itk26348Fw,0.509,0.972,0,-2.501,0,0.0554,0.0114,0.0,0.332,0.522,96.567,205851
2iGPVJkrPXCOpBF42lMtn9,0.553,0.902,8,-3.097,1,0.0575,0.00604,2.08e-05,0.287,0.482,91.014,186455
7JBzBWB5wn9OBTBRYvBuY2,0.842,0.592,9,-9.365,0,0.0758,0.0762,0.000116,0.0971,0.311,107.992,128889
4klnaLuDJiPHORpPbLgV8i,0.548,0.463,11,-9.774,1,0.0961,0.638,0.269,0.35,0.0654,119.893,270693
2KeervrpcoVqDl9pKwssT4,0.512,0.607,9,-8.583,1,0.223,0.629,0.000136,0.105,0.475,187.599,227075
53HNv3CjVpKkvhpouB26o6,0.747,0.479,5,-7.943,1,0.0552,0.373,0.39,0.162,0.409,139.831,125587
3H35bmW2L9i7FuuVLCDgQs,0.501,0.56,0,-10.475,0,0.0906,0.87,0.00508,0.416,0.0382,84.077,33747
202NzxsOLMmQn8HqFVzYAJ,0.524,0.877,10,-4.476,0,0.115,0.0858,0.0,0.104,0.46,83.621,119080
38npqt26gV5QJyy4sBrWWV,0.825,0.839,10,-4.339,1,0.234,0.0442,0.0,0.0872,0.622,93.067,145720
0enXWqWWeKnq6bq1IrnbBG,0.39,0.714,3,-6.615,0,0.344,0.634,2.28e-05,0.15,0.469,184.573,193868
33bplHew0IboPNVLHb6pQc,0.647,0.749,5,-3.311,0,0.0456,0.218,2.51e-06,0.083,0.809,196.035,172536
3EvIW2rx7uL8KsdK82d2eX,0.765,0.652,11,-5.358,1,0.136,0.263,0.0,0.108,0.57,94.957,161944
6tJtl8IY3N7dBJ80PSeswu,0.525,0.656,4,-5.737,1,0.0294,0.221,0.0,0.318,0.434,151.093,261060
65aqwAYrWYPVftgfV1xEz1,0.568,0.532,2,-6.19,1,0.025,0.0438,0.0,0.085,0.423,92.505,252910
1xatXm1qIuJ611sUj554pi,0.565,0.515,4,-6.753,1,0.0258,0.162,0.0,0.0941,0.431,149.029,210000
4FcMQLQfI4uRJkor8f52TV,0.516,0.805,2,-8.72,0,0.122,0.352,0.0,0.356,0.669,79.958,256244
4XvaKOhsp93IGWalpiGu5R,0.508,0.82,0,-10.032,1,0.539,0.651,0.0,0.911,0.686,79.486,100726
398gjSQs9VZ4fqr2CUGAS4,0.445,0.623,5,-9.388,1,0.0646,0.086,3.67e-06,0.688,0.244,72.268,25926
1bDbXMyjaUIooNwFE9wn0N,0.561,0.52,11,-9.342,0,0.244,0.0503,1.86e-06,0.355,0.424,153.15,239360
46s57QULU02Voy0Kup6UEb,0.908,0.546,8,-10.491,0,0.323,0.0127,0.0,0.0707,0.225,131.016,170502
34tz0eDhGuFErIuW3q4mPX,0.841,0.358,9,-8.368,1,0.591,0.0201,0.0,0.39,0.329,158.014,261544
5qaPCKeQjM0G29ieyVhfVc,0.674,0.906,7,-6.445,1,0.198,0.0552,0.0,0.325,0.703,95.996,200400
5Q4KeLNLbCHE569UOnUwVN,0.531,0.812,6,-5.335,1,0.292,0.13,0.0,0.0473,0.696,95.256,186947
6Hb22ebEgyl2PJCiXu4biR,0.547,0.676,1,-9.614,1,0.516,0.0571,0.0,0.109,0.482,173.839,184138
1gRtWMQxuKeegHk3KXUS5q,0.752,0.818,11,-4.291,0,0.0777,0.0433,0.458,0.0695,0.571,144.068,243818
0KRpbRMxTw9YwqA2cNQcqe,0.747,0.945,9,-6.372,0,0.0703,0.247,0.845,0.0939,0.541,154.984,274364
03G7QPASkKCKo4AOe5g6HG,0.55,0.996,1,-5.614,1,0.0717,9.9e-05,0.918,0.0959,0.177,145.008,398182
6Z86Rtd0GGaeM9iwWM0Qpu,0.8,0.98,4,-7.516,0,0.059,0.000675,0.856,0.147,0.0369,120.003,844000
35sYshVj2RFfgAlafnNCjX,0.437,0.842,4,-10.388,0,0.0488,0.0753,0.595,0.15,0.0607,126.01,529524
7r6FJhoG04rWgkj6ebkt5l,0.753,0.583,1,-9.149,0,0.0538,0.0985,0.394,0.106,0.0379,118.002,560339
7ud0wRSgUZbDB9ddnADNPa,0.707,0.601,0,-6.029,1,0.104,0.534,8.61e-05,0.156,0.364,169.903,171997
17ZYWLYJzWV0cT1YbEB0Xn,0.743,0.625,0,-7.707,0,0.0838,0.0469,0.00113,0.164,0.342,132.898,143106
5wQ1ahVKTjtjho0lGFpa6Y,0.685,0.601,2,-8.219,0,0.075,0.21,0.000113,0.187,0.194,120.034,183161
6GVAglRJKHwuQLyBOFNQIt,0.522,0.473,1,-17.875,1,0.431,0.874,0.0,0.183,0.189,71.004,30325
1S3KbOLtL2oPSwzh0jwBCS,0.748,0.455,1,-9.315,1,0.176,0.627,1.7e-06,0.108,0.13,130.102,251077
4fQVCw6XhNflfRAWY0xJHk,0.602,0.295,6,-16.892,0,0.27,0.909,0.0,0.21,0.568,60.519,83038
6wfMtDD0kr07fsV3FAhlj5,0.299,0.294,5,-17.028,1,0.0432,0.948,0.849,0.15,0.0397,119.286,140250
0sHf9sdPj9gu6iJKE6Zzxa,0.413,0.53,1,-12.761,1,0.0513,0.0365,0.836,0.117,0.461,119.002,238761
12aLkcNGsKKRewlHH9C9hS,0.703,0.692,10,-10.051,0,0.0421,0.429,0.87,0.101,0.238,120.985,293530
0oOSfdlvRCyoiBXvLJmiIb,0.567,0.979,6,-4.969,0,0.0721,0.00381,0.00543,0.189,0.86,170.061,146824
6iU3wBJNNSHbtac32TATEh,0.55,0.622,0,-6.74,1,0.0399,0.0506,0.0,0.0861,0.284,111.591,198884
1CcCntDuVJpjqkJhYGhuMw,0.769,0.724,11,-5.12,1,0.0864,0.548,0.0,0.161,0.464,110.659,190528
02jCzgsSElP69X2i4Jv1ix,0.418,0.558,1,-7.001,1,0.0366,0.181,8.76e-06,0.148,0.207,109.032,244108
1kvVE9TNsjpOAcI71bkssh,0.609,0.693,6,-7.562,0,0.424,0.534,0.0,0.0744,0.419,116.788,254825
1hlijxz52HRXlhQ7c7A59E,0.707,0.638,11,-4.868,0,0.24,0.133,0.0,0.187,0.521,85.967,180945
2uWlft7WxOW7oquM03ors5,0.414,0.863,10,-5.249,0,0.321,0.455,0.0,0.214,0.475,79.093,171108
6yrC5uTjeOafvlmzVRa7xx,0.46,0.955,1,-3.492,0,0.252,0.000117,0.0,0.101,0.439,170.098,137494
4Kttm8D379qEWb16vfTEMK,0.651,0.627,1,-6.656,1,0.333,0.126,0.0,0.352,0.478,91.8,218018
7xwMjY6Yt4RIR9ycSmMtgj,0.482,0.649,1,-5.199,1,0.414,0.499,0.0,0.0649,0.419,166.098,160750
0T6VlW1YjEskHYnWacdTBP,0.574,0.772,9,-6.173,1,0.443,0.254,0.0,0.141,0.576,174.17,180125
0vk39P1raeGcbB3qFMs83j,0.71,0.635,8,-4.312,1,0.469,0.0823,0.0,0.0849,0.695,130.001,182850
0dHYeZWLcTyPnwPt0hdCwo,0.705,0.66,8,-4.244,1,0.464,0.0981,0.0,0.0865,0.721,132.234,183375
4JYqRENpIxlu4bWqNxZpTO,0.613,0.742,10,-5.095,0,0.226,0.0282,0.0,0.0645,0.472,117.645,159679
7FyaDyZv18MC8VOdAxZTkq,0.9,0.946,11,-5.752,0,0.208,0.00529,0.0211,0.093,0.66,145.011,124802
1imJWw4lI4amGoOoNjsimx,0.726,0.587,2,-11.063,0,0.359,0.53,0.0,0.104,0.739,136.11,151981
6KlmugRzxsfUt9BAawtgw1,0.903,0.578,6,-8.703,0,0.367,0.415,0.0,0.104,0.234,93.063,167759
5HXd2UFX9AjgVuiVFigsHn,0.698,0.667,2,-6.652,1,0.257,0.577,0.0,0.245,0.475,101.711,155299
5LQzMV9ZiHe4Z83rGsLZUX,0.618,0.755,1,-10.678,1,0.0574,0.366,0.0224,0.119,0.434,163.0,226748
2wIErQCL4OmZzQXMKO0SiP,0.497,0.914,1,-6.114,1,0.0332,0.00334,0.88,0.059,0.235,180.022,224000
398OKFUwrGq5vFujVomY1g,0.538,0.893,2,-6.771,1,0.0348,0.000102,0.876,0.123,0.039,175.007,224914
6YMTLV4CWCOrUTAeukFhad,0.552,0.801,8,-9.306,1,0.0421,0.0482,0.627,0.207,0.344,163.853,71131
4Inl6nwyCwYaWAr09lfCUO,0.801,0.405,6,-9.447,0,0.378,0.148,3.74e-06,0.0982,0.414,108.897,171743
2gwZRvS8Nq6i30w5tpxlnC,0.587,0.556,4,-10.963,0,0.359,0.413,0.0,0.2,0.333,125.006,307954
054mLFn8Dtx8bIO85NYWYZ,0.725,0.784,2,-6.008,1,0.306,0.186,0.0,0.355,0.736,143.773,161695
7Afw4NNhLzcaJ0okcBN6gA,0.68,0.66,6,-4.467,0,0.216,0.303,0.0,0.341,0.352,163.978,188819
57iiuZKwlmXH9F0sg8YUUM,0.784,0.778,1,-3.799,1,0.0985,0.444,0.0,0.163,0.319,93.98,220960
3PZFVZiGtkN8I16WZyrcsH,0.676,0.925,0,-10.128,1,0.0546,0.00178,0.72,0.0978,0.0398,134.972,336005
31iamhCwbbko7u9RJByzRH,0.571,0.72,0,-11.092,0,0.0309,0.0506,0.692,0.185,0.199,122.155,265787
2yhVpGfZ64ofZdiTCHA9qW,0.782,0.76,10,-12.81,0,0.0504,0.0162,0.884,0.127,0.737,122.415,237040
1TNEYUIB5oQpOaZyOudCXw,0.694,0.692,1,-10.385,1,0.0473,0.0158,0.604,0.26,0.243,122.623,258200
7m12pGA8jpRVQDH7pURUs2,0.654,0.488,9,-6.668,1,0.366,0.0214,1.1e-05,0.133,0.495,147.956,145498
2gy2y58w8ehu8FtejAetPC,0.698,0.432,6,-8.452,0,0.0621,0.291,0.0,0.277,0.635,88.069,135607
1U2mmPR0XAthoaTfmdD9Rt,0.655,0.622,10,-5.292,0,0.0802,0.0701,0.000326,0.0848,0.835,175.782,156910
3sLEGe1z10ZLc1b4y4xxcv,0.581,0.731,6,-8.127,0,0.305,0.0634,2.76e-06,0.33,0.678,80.237,239250
5K5GXyTEzjsB8RbMC1UZhb,0.771,0.569,0,-8.789,1,0.235,0.472,0.0,0.68,0.878,124.068,139406
06A5kmBLgRBqyGxfH1SZ4Y,0.556,0.281,1,-12.306,1,0.202,0.314,0.000162,0.107,0.13,104.13,275281
67FUOoPUAPICeFwGkA5XMy,0.729,0.736,1,-8.949,1,0.0343,0.0343,0.925,0.0877,0.218,118.014,309661
2eewv2gHZLGIY2NEzQ8THg,0.645,0.56,0,-9.121,1,0.0372,0.00137,0.75,0.0737,0.356,114.027,292632
1M4SJ1DH70tARH9yCvXSNQ,0.744,0.792,5,-6.905,0,0.0504,8.51e-05,0.932,0.085,0.161,108.02,312778
2SWbnWSe1onmbllRAU46uo,0.768,0.428,1,-8.156,0,0.0459,0.0489,0.000491,0.105,0.147,110.478,174307
4louS1zw5coBPLDyJLD5Sm,0.641,0.503,1,-9.007,1,0.0353,0.00538,0.000925,0.113,0.0414,94.975,303629
4Hv8QuMQfG7e6GWOWcXYKk,0.655,0.551,11,-5.071,0,0.0509,0.757,4.53e-06,0.102,0.659,90.992,237539
5aUibmqb5QqjmMlBz0Ky6U,0.428,0.335,6,-14.428,0,0.0354,0.851,0.357,0.224,0.0396,125.083,127393
4mFfbAKCb0TBZLO6qPqKS2,0.36,0.972,6,-3.574,0,0.125,0.000207,0.000123,0.344,0.278,174.963,203648
08KjLsP9VTCl6qz6nSQffh,0.401,0.944,6,-5.008,0,0.0632,0.000284,7.71e-05,0.0747,0.416,173.074,185013
7qzQfE2se3Ai5reZcxs920,0.308,0.544,8,-9.056,0,0.217,0.0127,2.66e-05,0.458,0.465,74.229,124368
0cZ9HBGWLZJS7UHCgWXOTZ,0.714,0.428,6,-7.829,0,0.283,0.694,2.52e-06,0.0958,0.721,138.912,221508
2JqkpMe2eJToJNHEqkJeCu,0.641,0.585,2,-6.836,1,0.0317,0.00276,0.000738,0.642,0.697,137.033,96350
6x5FESueiIVD1c7HjLJtVI,0.813,0.541,9,-9.616,1,0.328,0.043,0.0,0.0994,0.34,130.004,167628
39PPWoTmO91vj6L7iouosy,0.6,0.78,11,-9.954,0,0.446,0.423,0.0,0.282,0.713,116.164,148752
5VUxd5QNuSAzOEAawrz5k5,0.838,0.728,9,-8.321,1,0.327,0.284,0.0,0.137,0.691,143.981,199776
4qSeVRw2SPqZnHWsLXfHJE,0.657,0.6,2,-9.64,1,0.049,0.137,0.944,0.109,0.0315,117.976,215895
5i3Rv4Y9kWVBX00zaZbuSE,0.756,0.527,8,-11.861,1,0.0428,0.00201,0.509,0.112,0.248,119.996,416500
7lavgUt5Y3HxSKxt93vinb,0.737,0.585,10,-10.198,0,0.0435,0.00994,0.00532,0.0787,0.877,122.009,209001
6DR1tqPYJDFD3nRbxGPDMH,0.633,0.715,1,-7.47,1,0.0762,0.0141,0.0,0.121,0.545,154.95,191967
5h83TosA9CCakrcgCfB4ZC,0.772,0.457,7,-8.359,1,0.0365,0.00193,1.71e-06,0.0739,0.527,111.997,212450
4dxXJpcHjB2tkMs6EfowUl,0.323,0.605,2,-9.208,0,0.043,0.174,0.0,0.253,0.461,105.026,115429
1aLIFdfXRGwSfYNF8GIS0O,0.781,0.517,5,-9.157,0,0.209,0.482,0.0,0.154,0.729,132.959,177515
76X0sg9YMAfH6P38NMUp6O,0.799,0.552,0,-9.159,0,0.172,0.789,0.0,0.115,0.402,92.035,147391
4ofO3RstzApodaEEPILupI,0.588,0.535,9,-7.605,0,0.277,0.447,0.0,0.176,0.479,86.817,218523
4VsGKABwzD4SlPsVXhIgSE,0.859,0.623,8,-5.339,0,0.061,0.181,0.000259,0.165,0.807,101.978,220465
02EIZLujyjCgV9Ym2dxJZ5,0.707,0.695,1,-5.036,1,0.0908,0.119,0.0,0.153,0.342,126.575,174135
5f0NYDxrXr4jBff4evhYFw,0.896,0.657,10,-6.176,0,0.172,0.0328,0.000118,0.144,0.515,103.022,171208
5hmMvFrCTkj6ita0Bx6OHx,0.712,0.71,8,-5.945,1,0.413,0.0853,0.0,0.0395,0.622,128.092,169889
41bwce0BTvtZXhcsNypLL7,0.905,0.699,2,-7.12,1,0.222,0.0487,0.0,0.122,0.606,100.032,169155
3KVKxXqDAszAvmmVYR9rIv,0.847,0.775,2,-6.339,0,0.135,0.141,0.0,0.174,0.863,103.072,210336
5AEvJyaKqy28o10QFxEvHV,0.641,0.577,4,-9.388,0,0.116,0.766,0.1,0.13,0.441,83.909,132837
2p8hsG1etubVQwFxX8HTlj,0.896,0.538,10,-6.29,0,0.471,0.0122,0.0,0.0661,0.466,90.45,115359
5Rw65ORlcw7hv1jmcPbrvm,0.822,0.539,1,-9.885,0,0.0753,0.382,0.000194,0.111,0.34,120.011,136000
1rWvQepobnw5mmfiQViwze,0.711,0.752,6,-6.699,0,0.149,0.102,1.24e-05,0.135,0.29,103.033,144573
544pQUqlVmW9EsTTPVzK6v,0.727,0.73,11,-6.666,0,0.234,0.129,0.0,0.194,0.477,76.529,178893
7duHbw4BRrZ5sxnfontiZ9,0.83,0.677,11,-6.879,0,0.26,0.142,0.000201,0.098,0.322,125.05,155920
5hwZjlTmDj9Wdv7A5m8rUc,0.823,0.78,9,-6.732,0,0.239,0.0804,0.0,0.303,0.813,100.004,148637
5M8Yfnwj8JjBeaRBnqEOdI,0.9,0.719,10,-6.216,0,0.0519,0.00091,0.0,0.334,0.626,100.034,183107
54Ax336daDw4w1lRxoI7bR,0.66,0.607,4,-6.665,0,0.0735,0.113,0.0,0.117,0.0779,139.986,182561
7dJ8ZklVUvGHEGeEAPFDUG,0.726,0.95,7,-5.78,1,0.337,0.143,0.000785,0.353,0.701,75.008,135825
4tdv3spzS6ZhdlxV9xVx3O,0.696,0.465,6,-8.127,1,0.0335,0.676,0.822,0.114,0.548,140.983,199149
7I8V1OmSFY6SActFYxHwp3,0.621,0.38,1,-12.8,0,0.0556,0.664,0.675,0.106,0.0881,175.077,87771
5c4HtO1DrLsYx3rZ8sT3If,0.605,0.388,1,-10.678,0,0.113,0.696,0.194,0.341,0.34,132.115,101818
5NI04swQdWFxcHD91me1zi,0.588,0.812,2,-8.871,1,0.0448,0.00648,0.609,0.0852,0.142,82.482,206545
3RFUKNsgrTydcgYuLkaiTG,0.827,0.796,1,-6.024,1,0.0596,0.00121,0.672,0.113,0.0398,89.994,245337
3Ku7XObLlEZ9RuAws8pMYU,0.626,0.663,1,-5.786,1,0.038,0.0232,0.912,0.138,0.121,173.976,281753
05O5I9DbS3llL7fMbphRFu,0.546,0.696,8,-10.441,0,0.0504,0.00972,0.822,0.132,0.287,169.973,180706
7fqkD2jaA7a7qI6LHv9iWN,0.681,0.6,0,-11.286,1,0.0443,0.00391,0.888,0.201,0.282,145.009,205656
04OM4d6FeoRPcqDcVM4F7c,0.575,0.557,7,-13.495,1,0.0477,0.014,0.859,0.146,0.0885,149.989,145600
5kpadKYT1SMIDZPjAv3NQo,0.658,0.704,3,-4.215,0,0.314,0.0645,0.0,0.216,0.789,160.13,145659
74I4CblxfLJp3fjDpZUI3x,0.627,0.861,0,-4.53,1,0.407,0.0602,0.0,0.441,0.914,113.208,186996
6njVILleTdGiS4PKw7TX0E,0.657,0.61,7,-5.876,0,0.506,0.181,0.0,0.118,0.322,118.745,171059
2xNdayvCBlYZHhxugw7Fjf,0.72,0.58,3,-6.498,0,0.269,0.536,0.000106,0.162,0.578,92.028,192473
64Z75AaoLy8dXFOOz70y3x,0.732,0.467,3,-7.306,1,0.16,0.524,0.0,0.0884,0.572,79.982,159032
6YLcVW77POwgIamWNEjyem,0.664,0.733,5,-7.088,0,0.0367,0.127,0.000159,0.122,0.739,156.107,141947
36dtsUqShYb6HiTWaHBAw7,0.343,0.797,1,-4.618,1,0.141,0.407,0.546,0.148,0.606,160.446,112664
0aLb8FdC67kLqoGRTVyfDZ,0.482,0.913,1,-4.327,1,0.035,0.0146,0.0755,0.234,0.542,93.024,205045
6yU1K7Yr60fgsx5zkK5fpm,0.694,0.582,1,-8.397,1,0.0255,0.0217,0.000297,0.13,0.867,103.366,211586
1LbSYc9LielAYE9uBwjp7f,0.657,0.588,6,-7.17,0,0.155,0.184,0.0,0.878,0.228,140.015,128868
2QLgw963UQN79LK4pVkyYd,0.923,0.596,1,-9.15,1,0.329,0.00529,0.0651,0.0996,0.188,140.006,168021
0AaBT19Ng6eyNNaqArO08e,0.727,0.731,2,-5.032,1,0.133,0.0566,2.94e-05,0.0856,0.537,142.113,173021
3maiMLpZbrhLTduXEbs6u1,0.571,0.641,10,-6.613,0,0.358,0.412,0.0,0.101,0.73,180.293,280000
0XP7OdRjgdqqNcvXlh8LE3,0.663,0.626,7,-4.77,1,0.34,0.554,0.0,0.175,0.504,83.662,245707
4W32ZHweyk5ldDHG7dsNsG,0.503,0.586,9,-6.426,0,0.0405,0.833,2.23e-06,0.108,0.628,103.971,281173
4daEMLSZCgZ2Mt7gNm2SRa,0.64,0.609,1,-7.714,0,0.304,0.492,2.47e-06,0.152,0.393,131.889,192727
3fDTzkvrOo5xQIO480Qmsb,0.538,0.783,11,-2.565,0,0.222,0.0113,0.0,0.281,0.553,75.388,259080
2Hc1LaV6bzFil3dE71eORA,0.777,0.604,9,-4.452,0,0.0397,0.000713,5.64e-05,0.151,0.121,111.998,207836
4tre5erJOhhLFXfuAilnmn,0.658,0.624,7,-10.638,1,0.256,0.195,0.0,0.0792,0.29,90.085,90453
2WWugYZK8doHdHHaAGA5sZ,0.549,0.59,7,-11.598,1,0.342,0.323,0.0,0.0843,0.619,83.726,267578
4RSgYLDrkM2kkSG9doXAdZ,0.612,0.833,5,-7.991,1,0.49,0.133,0.0,0.201,0.538,123.879,228692
37DLwjAM682PZr9a4dJ5VA,0.605,0.647,5,-7.037,1,0.0451,0.429,0.0,0.103,0.0834,91.928,221241
2OS5yRdzGqoYfzQ3o3W40V,0.73,0.483,4,-8.565,1,0.0879,0.237,7.99e-05,0.31,0.883,87.996,192621
5c4Dicz1JD8excTfoVnX2a,0.644,0.443,9,-10.043,1,0.0369,0.817,0.0,0.28,0.549,93.011,191881
3AABivCPN4wvCV0i2KqKXq,0.407,0.673,8,-9.39,1,0.0302,0.0872,0.718,0.0805,0.491,111.548,247615
6h8S97e4KpGvNZeBKiD1iW,0.616,0.36,2,-13.864,1,0.0719,0.726,4.16e-06,0.258,0.365,137.899,272571
5Inq4dbWzgzXfWCx9pKu9l,0.62,0.759,0,-8.123,1,0.0503,0.144,0.815,0.106,0.69,135.972,145147
6WPG3AZauV9AP4n2m4zGfH,0.596,0.565,10,-7.869,1,0.834,0.43,0.0,0.692,0.225,85.342,29373
0834nhvQ3LYzXOjWWhq0q1,0.826,0.744,11,-7.089,0,0.123,0.00617,0.0,0.283,0.679,154.032,295533
63nyLDOFWc4MtdTOeYRpFj,0.601,0.711,8,-3.575,1,0.0444,0.00421,0.0,0.113,0.0564,160.122,284253
1jptLpaocJATwHjp9otQOT,0.634,0.855,11,-8.864,0,0.039,0.00167,0.341,0.335,0.767,151.962,145263
6bRXONmpYZQOk8kj54FaRz,0.61,0.515,11,-6.363,0,0.0644,0.219,0.0,0.194,0.205,145.818,231747
46631VBdAu3LkySeMIHJtd,0.593,0.538,9,-7.799,0,0.0386,0.0471,0.00189,0.184,0.128,90.088,256027
2JHMRT2gvjh6P7ejierydm,0.772,0.54,9,-7.333,0,0.17,0.191,0.00243,0.216,0.326,134.994,245240
49iJET8eAuZ5HCvKNF1Rg2,0.661,0.836,3,-5.001,0,0.478,0.00384,0.0,0.0649,0.311,143.144,173706
5vqR3iRkgzwrII3IjQHQmq,0.542,0.708,11,-9.285,0,0.0344,0.0352,0.881,0.116,0.223,174.976,188215
63mOoq5pFvBajnrzFj84lO,0.692,0.962,6,-5.162,1,0.0575,0.215,0.88,0.0893,0.329,175.014,161042
4ym4msOg5u4GYxcfJu1jsJ,0.71,0.723,2,-11.456,1,0.0435,0.00298,0.671,0.111,0.175,174.946,164620
5TYmnScjaRecWuBqEaA7S5,0.743,0.809,8,-7.924,0,0.214,0.527,0.632,0.102,0.342,75.035,155021
4OmfWzukSVD140NiAIEjem,0.335,0.305,1,-12.661,1,0.0741,0.434,0.631,0.101,0.215,79.001,156507
0DmkBOGgEWMbUJlL6VwwF2,0.612,0.675,9,-6.518,0,0.0231,0.0994,0.0,0.217,0.763,97.04,201547
6uVZddXkgQIArp8myEHs4x,0.699,0.75,9,-6.481,0,0.0542,0.543,0.0137,0.333,0.887,151.035,295413
72HnSYQPnq4a5Zz4iABl1u,0.267,0.477,3,-8.997,1,0.0333,0.646,0.000744,0.693,0.119,116.298,350123
0wQGvVibPsmzrnoq8SXFjk,0.336,0.791,2,-6.669,1,0.0642,0.32,0.0,0.949,0.319,130.24,234752
4wpErPyJsLdjL4BfnLuzQs,0.364,0.432,9,-8.861,1,0.029,0.615,0.000115,0.688,0.157,115.749,240731
0EmTAH4LAANZJPbcTCE7bf,0.346,0.913,6,-4.994,1,0.0536,0.000733,0.000128,0.106,0.829,181.999,127187
29sdJJ21eiQ1uE4UcfzfDS,0.44,0.939,1,-6.279,1,0.0548,0.0035,0.0,0.31,0.789,89.759,164427
79KQOhsTrL8HrSgXalaHHa,0.21,0.913,10,-7.861,1,0.0609,0.000283,0.139,0.192,0.591,173.598,173693
2nNSQOyX7zG1EceT9An0xH,0.7,0.692,7,-3.868,1,0.278,0.366,0.0,0.302,0.43,98.355,179484
6ULweuw2Nah5Ha0F6zrBei,0.594,0.714,0,-3.815,1,0.243,0.518,0.0,0.135,0.372,92.21,207158
3pxyhIYbscDOOA8ZiksLQL,0.603,0.577,8,-6.79,1,0.201,0.246,0.0,0.136,0.444,84.75,195412
65Cev4uzaAUqfqu0oxepew,0.467,0.635,7,-6.115,1,0.154,0.314,4.16e-06,0.844,0.51,127.596,88625
2M6P0j9uCqFzx8u9P4VxNi,0.703,0.845,10,-4.851,0,0.337,0.169,0.0,0.122,0.745,97.672,146482
000TJlEJQ3nafsm1hBWpoj,0.62,0.586,1,-6.612,1,0.212,0.155,0.0,0.535,0.487,137.131,130980
715BaqaTaUuGi7ehbivmuL,0.529,0.719,11,-6.698,0,0.127,0.698,0.0328,0.124,0.326,91.908,218961
1Jex8K5wc7tnAGkr1twyIA,0.547,0.806,5,-7.653,1,0.298,0.685,0.0,0.186,0.564,96.085,230942
5tG6Iu0DqLGhr96u4YqUKm,0.533,0.558,8,-9.616,1,0.424,0.746,1.51e-06,0.111,0.226,90.203,208831
3EawgQ7oWbOQ2vVg4Vk12j,0.699,0.416,10,-10.181,0,0.303,0.568,0.00394,0.195,0.623,171.863,206512
2GLN3KJjmFhXG8mHGr6II0,0.793,0.499,10,-5.272,0,0.119,0.22,0.0,0.872,0.311,126.046,239013
5OhG7shUD0xgQMirbRAipe,0.749,0.605,5,-4.515,1,0.0494,0.325,0.0,0.518,0.638,118.958,143200
7zfwu17M0wg5QcdhboiDUv,0.596,0.886,2,-6.02,0,0.0458,0.00597,0.12,0.179,0.457,119.023,65967
7eKTQn91ezStPsTdJQockI,0.44,0.629,5,-9.059,1,0.252,0.705,0.0,0.101,0.294,99.981,211008
03ukDmWppFyALgt7VOaEqF,0.437,0.654,5,-10.761,0,0.3,0.453,6.3e-05,0.256,0.345,83.155,191492
4ABEl2a2cdut7jvAHIa7Sq,0.49,0.793,6,-7.542,1,0.348,0.638,0.0,0.0947,0.676,89.984,197585
6HRy5kMyZZs3JZh2TJQuXF,0.797,0.684,6,-8.592,0,0.216,0.00179,0.779,0.0768,0.246,128.064,330000
7w4Q3JYxoV32dBZ7tqFClU,0.676,0.309,11,-9.218,0,0.0385,0.705,0.0,0.12,0.159,127.989,207825
21EgUVHvJqsOSgBOxBmQUC,0.638,0.704,6,-6.703,0,0.0586,0.382,0.0,0.163,0.33,96.998,172652
44f07SdLbO0uQteZh6uw2o,0.71,0.679,5,-6.181,0,0.0376,0.0124,0.0,0.145,0.442,99.984,128849
24nCsRENMzm5E4cFolJvMV,0.18,0.273,0,-12.054,1,0.0343,0.0979,0.659,0.186,0.276,80.796,56973
4Zqp1yolC5Llwva0JTXXVj,0.491,0.673,6,-6.787,0,0.114,0.317,0.000115,0.15,0.345,78.392,190133
7lvEdc8T7o6mYzP94qHaqf,0.58,0.802,1,-6.372,1,0.0463,0.306,0.0,0.142,0.752,86.075,193987
4uawMXx8VZ7WMrjAVOaCMe,0.589,0.418,5,-7.456,0,0.0345,0.278,0.000361,0.192,0.277,137.87,292507
18yYhT8fTVjFK9IBPiows6,0.65,0.445,4,-9.621,0,0.0542,0.148,0.000145,0.38,0.442,94.015,288453
3DHweI4vICEnj2oZIxY57D,0.346,0.165,4,-14.096,0,0.0304,0.952,0.00138,0.108,0.155,95.214,245613
1dLKHjgmWUvO3zq8ajI7D2,0.47,0.437,9,-12.037,0,0.196,0.656,2.81e-06,0.634,0.612,92.446,203855
5qQt8Pd7gcpA4qic75fJL4,0.774,0.48,4,-10.637,0,0.0888,0.107,0.0506,0.163,0.672,121.269,170207
3Uj9WdCC9S1GebDsXekHZo,0.763,0.381,4,-8.558,0,0.262,0.212,1.11e-05,0.269,0.325,85.98,226971
7deqkk1cdCZV9v548NgJ6d,0.675,0.542,7,-8.626,1,0.0578,0.128,0.00142,0.194,0.671,162.068,140741
1NQC4MdiZsYp9myqU1uQRp,0.738,0.526,5,-9.498,1,0.071,0.202,0.00209,0.125,0.383,144.845,157788
2b4BepZzEaV874w02jZBi6,0.74,0.685,1,-7.633,1,0.0381,0.127,0.149,0.131,0.536,127.0,105859
7dJ8ZklVUvGHEGeEAPFDUG,0.726,0.95,7,-5.78,1,0.337,0.143,0.000785,0.353,0.701,75.008,135825
029cuB69yYCgVHND32hjcT,0.702,0.876,10,-3.066,0,0.154,0.377,0.0105,0.121,0.593,94.014,216755
3M2Uxu8sbTwgznw6anIxB9,0.488,0.764,1,-5.012,1,0.0528,0.19,5.73e-05,0.0502,0.964,104.992,227719
0DU150UuvrIsqOzAoeB2Zv,0.691,0.777,9,-5.629,1,0.0501,0.0344,0.0,0.0592,0.639,128.001,153643
4oBd8gCBKESwbk7um66MFg,0.746,0.971,11,-5.87,0,0.0468,0.0259,0.639,0.0668,0.811,150.028,166400
6dLA42HUKpCll5Vu1xfi1G,0.617,0.457,7,-11.911,0,0.436,0.697,0.00066,0.0991,0.248,154.968,156387
6zVozwXbNR9uOs6drtYeeL,0.835,0.65,10,-8.938,0,0.242,0.215,0.000115,0.166,0.395,125.972,166548
13sospP5bZCBV5KJ0w4b7y,0.591,0.604,10,-10.198,1,0.395,0.105,2.43e-05,0.102,0.358,103.896,177765
4fv48D7Ve7qzGKBJWgFk4l,0.777,0.592,4,-4.517,0,0.0559,0.789,4.08e-06,0.0817,0.897,162.06,275451
01gViDcNvK1MfZxpRv8zfi,0.873,0.613,2,-10.739,1,0.16,0.408,0.0,0.263,0.974,147.372,221800
2enZgUnEyH9fdsI8tsrxHs,0.652,0.724,4,-3.921,0,0.0606,0.544,0.0,0.104,0.733,161.979,277367
1K27fAkPhTEsbhxSOQUWsy,0.729,0.888,0,-6.947,1,0.0881,0.00121,0.175,0.0422,0.47,155.989,276477
4iQfzn7nCsC1jb35HnhYaB,0.743,0.525,1,-7.841,0,0.058,0.114,1.47e-05,0.203,0.551,145.979,105983
4lvWC7jlF2SmXonLDAdfHB,0.801,0.763,5,-6.062,1,0.0863,0.0485,0.00392,0.0918,0.797,75.001,169831
29Du1G5gW8NC73AvnT0Ro3,0.87,0.646,2,-7.892,1,0.342,0.0754,0.000292,0.307,0.381,99.939,126138
1rlNVw2p7XcebPaVbDCUyP,0.59,0.529,9,-18.473,0,0.052,0.545,0.9,0.38,0.411,118.011,455610
3wcwC3PD4hYzO0K44efoSH,0.717,0.406,9,-18.788,0,0.0464,0.306,0.901,0.114,0.222,118.018,195240
0dArQfk1AxS5NWxY7OkFlj,0.643,0.482,9,-13.555,0,0.0339,0.514,0.0102,0.156,0.163,118.025,357120
4IaCXMpxTAo7xdUrUwCu7S,0.839,0.543,0,-12.412,1,0.2,0.634,9.99e-05,0.133,0.514,103.432,162538
4cjhQeFgkagVqd4u9RVgpL,0.711,0.572,6,-7.71,0,0.0742,0.0108,0.0244,0.129,0.125,137.008,243160
42GShEYKHy6H2aMO9vqqQz,0.478,0.701,10,-7.936,0,0.328,0.247,3.37e-05,0.272,0.361,76.325,167493
6OaIU7nGyKQ7fMPIB36Czw,0.645,0.596,5,-6.741,0,0.532,0.129,0.0,0.21,0.825,121.957,157813
3sRJNtxMn5SHvq7Tr392Lc,0.709,0.989,6,-6.16,0,0.0527,0.00116,0.797,0.103,0.594,155.029,309739
29iGkPzaHpBnT5I82li4Va,0.73,0.985,11,-4.518,1,0.0727,0.01,0.0618,0.109,0.896,154.99,173419
0Ugd7qdmHM6ccGYzpnjno9,0.741,0.435,1,-6.341,0,0.771,0.17,0.0,0.111,0.461,159.108,157048
2ffoAKiLaW1c1b3pkSt402,0.787,0.484,7,-4.077,0,0.0604,0.254,0.0,0.189,0.626,115.982,167654
6UWRoozqcY5c7T1esSdS8T,0.922,0.545,1,-6.017,1,0.257,0.00126,0.0,0.14,0.17,139.997,164624
559mLg44MrcA7JzYGbpXfL,0.566,0.736,11,-9.422,0,0.0449,0.0207,0.0,0.276,0.314,140.005,142598
0HdzmyJGkkDSded5FMX5xp,0.557,0.517,9,-10.967,1,0.0589,0.252,0.0,0.0795,0.185,139.959,198496
5hYvJXYcrTHPGibf45aXCP,0.76,0.674,7,-8.418,1,0.0783,0.0221,0.186,0.228,0.397,150.0,247400
5jzZ839GuMOKwgdaFlS49Q,0.695,0.709,8,-6.198,1,0.0568,0.0271,0.00156,0.112,0.692,145.981,316849
77kIYb7mUjpuQa4jQDGeO0,0.736,0.637,7,-7.181,1,0.0529,0.012,0.81,0.105,0.637,147.011,304184
5zAKZyqU9G7pZoQAoXomTY,0.794,0.478,6,-11.864,0,0.0711,0.00118,0.846,0.112,0.448,134.012,130746
0hnvbWGslaUJdgHbWYJ3Eu,0.721,0.288,1,-11.063,1,0.251,0.0352,0.795,0.158,0.0438,147.001,160612
4jce5u6TJQMd1MFX9ixxGK,0.751,0.253,8,-11.401,1,0.0479,0.0379,0.641,0.121,0.393,134.012,216716
3PelyQFarKjELoUneHPpxF,0.307,0.43,1,-5.353,0,0.0393,0.0265,0.0,0.246,0.195,79.207,147000
5XcKntbgam3GoRxUaHAkO3,0.467,0.927,5,-4.49,0,0.451,0.343,0.0,0.0901,0.303,150.101,221679
24TvXVKjnmAegmo6J0Ag1H,0.44,0.65,0,-6.79,0,0.253,0.173,0.0,0.155,0.461,164.993,93336
0QS58E78GSEO7HxpmCIoOu,0.667,0.94,2,-7.214,1,0.126,0.0012,0.837,0.152,0.187,148.017,351233
2tSAfDhd7vodKUnRmlurn3,0.688,0.992,10,-5.846,0,0.351,9.97e-05,0.925,0.06,0.462,76.003,290575
7deqkk1cdCZV9v548NgJ6d,0.675,0.542,7,-8.626,1,0.0578,0.128,0.00142,0.194,0.671,162.068,140741
1NQC4MdiZsYp9myqU1uQRp,0.738,0.526,5,-9.498,1,0.071,0.202,0.00209,0.125,0.383,144.845,157788
2Bc3xnTSuRDXKaNaJdwgmi,0.284,0.344,6,-14.844,1,0.0509,0.796,0.125,0.359,0.148,46.57,61280
46aBPc57yH56DfnBUBJd1V,0.657,0.521,3,-9.495,0,0.241,0.447,0.298,0.107,0.34,140.859,239173
0EjAXgQEjql59XbbLYGTbh,0.819,0.64,3,-6.658,0,0.0567,0.131,0.443,0.109,0.711,134.796,204213
6SdeflZ6hFaA7McLlyLFZp,0.738,0.289,9,-9.395,0,0.681,0.907,0.0,0.156,0.903,81.871,29813
3ghMx8o6Kx8hea3ocnzdjY,0.814,0.669,2,-7.344,1,0.388,0.0939,0.0,0.568,0.62,94.891,235587
2u8g3RqETVZE615nnSEpaq,0.855,0.773,7,-5.253,1,0.232,0.0115,3.88e-06,0.223,0.856,161.052,242693
01BBYgKvjw5ye99zQTAK7P,0.917,0.623,1,-8.231,1,0.135,0.0985,0.0,0.0833,0.687,126.063,206272
36yBiXRirp9daKkp4Ex15q,0.927,0.538,1,-3.917,1,0.116,0.0312,0.0,0.0945,0.221,125.983,278191
26PTKuT5XURHEqwGtqcDSj,0.848,0.625,9,-5.776,1,0.11,0.0319,0.0,0.101,0.106,135.957,255023
3T7OtfVOXeRpxxXzBJIDa2,0.334,0.498,7,-10.36,1,0.0445,0.956,0.000816,0.981,0.361,141.785,229015
1BZjEPTMvieUXNq5zDU51M,0.42,0.269,7,-10.477,1,0.0342,0.96,5.11e-05,0.977,0.236,111.285,195150
6EnOfLHtr6o4YG0eSLei7G,0.372,0.228,7,-12.399,1,0.0392,0.97,0.0116,0.673,0.186,118.165,298709
4Zy49Z7qvCZhMDX4fmf1kq,0.57,0.693,9,-5.75,1,0.305,0.42,0.0,0.111,0.562,91.921,174983
66KbVgQpVvf5roxIZqfuRa,0.582,0.62,0,-6.25,1,0.126,0.022,0.0,0.114,0.26,68.959,185863
4VPlKUSjC9HdZdUbFZ0Y5y,0.586,0.447,3,-4.699,1,0.0287,0.816,0.0,0.277,0.441,107.851,195452
36wHw5FFIRHPyHPPqAYi3T,0.203,0.549,5,-14.2,1,0.0449,0.82,0.788,0.077,0.029,177.359,260465
2ds7MqT46lA0pHqInV8NRZ,0.65,0.775,9,-11.993,0,0.0401,0.0387,0.943,0.114,0.121,133.007,411429
1jOp9UN0YUpwi7vOQXyzWH,0.654,0.809,7,-10.495,1,0.0529,0.00888,0.814,0.0826,0.133,130.986,359084
3TPTC8joOVNXHHNFIWPGBC,0.514,0.366,5,-10.796,1,0.316,0.752,0.0194,0.238,0.708,77.16,60857
5qP24CrDI0rmY5zwRvUfzU,0.447,0.765,2,-5.457,0,0.0943,0.212,0.0,0.128,0.542,101.545,171429
0FirgnvrpCkkhdaq64Gfen,0.544,0.747,6,-4.659,1,0.194,0.389,6.81e-06,0.159,0.476,123.647,194400
6FAFmXCsjrIV4Vu7ee7WuX,0.493,0.737,10,-4.757,0,0.496,0.194,0.0,0.254,0.482,173.579,219617
1q3rJPBcsfEeOWL2WuTbqL,0.661,0.779,2,-3.435,1,0.27,0.0374,0.0,0.243,0.407,77.12,137921
6F2OBVW0ydPbu2oeLICvHe,0.381,0.899,0,-2.908,1,0.499,0.145,0.0,0.405,0.286,175.74,219931
1U2ejMTI4C1vOlWER98Ybd,0.372,0.338,6,-8.874,1,0.0305,0.574,0.0,0.173,0.0477,67.808,73158
53dgfL1AYnW67OyCBRxw9E,0.584,0.421,9,-8.927,1,0.367,0.00569,0.00965,0.112,0.0677,174.483,148800
3AEChkx5lDSP9tckzl4cJJ,0.856,0.35,9,-8.415,0,0.221,0.00603,0.000625,0.0751,0.471,86.035,167591
1BMffJnuEsz31KwwSyjbQv,0.471,0.482,11,-7.291,0,0.0635,0.333,2.06e-06,0.337,0.379,119.171,230354
47mueXEYFyQ6L3UGTwoMdp,0.507,0.48,5,-8.83,0,0.349,0.588,4.22e-06,0.117,0.299,169.763,218000
7M4ucreCMEV2RFrN5ovTE6,0.367,0.672,4,-5.061,1,0.145,0.169,1.39e-05,0.142,0.389,91.066,222000
1XONxoFS8BOsStmKb5iHDO,0.701,0.526,4,-11.214,1,0.0584,0.00124,0.646,0.102,0.16,118.001,425212
4fZxDnujzi0wVC7tpMOKZ2,0.802,0.629,10,-12.581,0,0.0546,0.0205,0.928,0.09,0.142,120.011,386125
6fSWpXccgezAdXcnKA95Oy,0.804,0.718,7,-11.575,1,0.0527,0.000194,0.832,0.0916,0.416,120.006,420125
5T75qF90qzvw0t3HsqFVAv,0.816,0.882,8,-3.98,1,0.195,0.149,0.138,0.0837,0.5,168.967,282604
4ics1FMdhfklFrrPq7L9Js,0.561,0.976,7,-8.404,1,0.0806,0.0011,0.856,0.402,0.068,134.021,205522
3lm8V3uoNNAFj3HCCABamn,0.559,0.976,9,-8.693,0,0.0332,5.98e-05,0.74,0.134,0.0991,134.043,186269
5ZubRMUqLt7oJls1xxzeSf,0.846,0.218,0,-12.895,1,0.101,0.15,3.74e-06,0.109,0.13,119.973,192000
40xfJg6ZZXr3jRJkxJJZ0O,0.279,0.0416,5,-18.494,0,0.0406,0.776,2.93e-06,0.104,0.165,119.691,25226
35SbrfbaSpGUBX7e5BPega,0.452,0.589,10,-8.371,0,0.0458,0.18,0.00048,0.139,0.315,141.692,219955
6V91Cctseyb8yz67YQMDw3,0.583,0.544,0,-11.024,1,0.228,0.725,0.0,0.585,0.211,155.9,150700
0kwBCyPQMZVdqpqhcv50JA,0.524,0.566,1,-5.443,1,0.0364,0.0411,0.0,0.25,0.362,159.914,240449
4P5Lyr9APe8Px5eJK7x7ba,0.49,0.674,1,-7.276,1,0.0322,0.19,0.000143,0.0634,0.288,122.807,205659
5ZxT38BO7f4f6jsBZuz46z,0.573,0.535,9,-6.257,1,0.0297,0.292,0.0,0.156,0.341,130.013,188793
3Em0KOPnKKJaKkookAtORA,0.462,0.182,2,-11.552,1,0.0513,0.942,0.00349,0.0879,0.508,76.186,186588
33emWrgchbJ0lxbIxIJZ2q,0.511,0.164,0,-15.691,1,0.0351,0.877,0.317,0.123,0.371,101.473,133766
1brQm8qDdVwfirGqBPP7Du,0.775,0.13,3,-15.086,1,0.0766,0.887,0.0124,0.0765,0.364,95.834,179497
5Gt9bxniM1SxN61yRzRhXL,0.529,0.845,8,-8.142,1,0.404,0.244,0.0,0.143,0.331,85.63,255378
0fX4oNGBWO3dSGUZcVdVV2,0.79,0.67,1,-5.527,1,0.105,0.377,2.32e-06,0.119,0.408,139.956,195950
66mVPWmFvXPFf8pjK5ttOW,0.514,0.472,8,-11.106,0,0.368,0.753,0.00012,0.0746,0.557,77.215,203367
3kbu7wQTE4NDKBagPADrqI,0.294,0.415,5,-8.337,1,0.0349,0.903,0.328,0.184,0.0979,70.218,197512
7sP52l9agQehssZazH9sFY,0.651,0.503,10,-8.972,0,0.0588,0.0627,0.0167,0.101,0.651,179.957,207453
058vn3gktsH234U40HvYW5,0.587,0.537,11,-11.086,0,0.102,0.496,0.0241,0.301,0.317,76.518,192213
3cZpb0SGyfFxWCsf3TdrJS,0.778,0.728,1,-6.122,0,0.0868,0.0213,0.0,0.0994,0.217,120.022,152263
7tevQrB4CZEU3lCDfYF5Cr,0.479,0.663,1,-7.272,1,0.263,0.0774,0.0,0.146,0.503,145.927,248359
6HChPf6cHfTOhsOAqY19Pi,0.623,0.846,9,-4.839,0,0.311,0.146,0.0,0.379,0.266,91.795,231352
1Gb6r4iX8w60t6OFTvWI4K,0.399,0.627,1,-4.164,0,0.0366,0.195,3.58e-05,0.16,0.0409,106.758,47354
2sOj9vyd6yiss9W1IK6chU,0.42,0.725,8,-4.262,1,0.223,0.092,0.0,0.18,0.186,77.941,501648
2u5jKAjyvyEDmsWTtfQzNf,0.682,0.814,1,-2.364,1,0.28,0.0535,0.0,0.59,0.512,148.048,223533
1BzXvBpIFWJgu0P8P6xmP4,0.671,0.857,7,-5.435,1,0.292,0.266,0.0,0.668,0.597,118.574,309323
7Gn7HA4yOHKXDo6vHCiNXV,0.842,0.403,10,-8.087,1,0.583,0.495,0.0,0.359,0.584,122.754,173589
0URbdJpIV9B54W2d9yeMwt,0.832,0.7,0,-6.005,0,0.0491,0.12,0.0,0.239,0.586,145.937,166776
1ymtvO9XJzSEe0e5qP2gxC,0.326,0.801,11,-4.718,0,0.35,0.307,0.0,0.0517,0.666,80.69,205880
2fTU227MjLpai9eZcRtKwh,0.357,0.822,1,-5.094,1,0.387,0.27,0.0,0.381,0.6,87.455,199893
2BqxMS9fxmB1NBdOuFY27I,0.485,0.618,1,-6.916,1,0.351,0.293,0.0,0.192,0.482,135.668,226013
24iMO17eDHaZ711zo3MbkC,0.544,0.962,3,-4.42,0,0.123,1.48e-05,0.828,0.0763,0.515,145.007,324414
0EeT9AvZrlj9nSpaxTASBk,0.562,0.981,2,-6.212,1,0.0545,0.000612,0.798,0.115,0.157,145.008,334345
68ehVSeyB9RDV12zlxDbQ1,0.735,0.599,1,-6.708,1,0.273,0.114,1.56e-05,0.44,0.246,144.975,187572
43nXNMMmm8RIlKGusmya3b,0.861,0.69,9,-4.709,1,0.228,0.258,0.0,0.295,0.578,137.993,226235
46kaHOOLSByfPXiu7Wiail,0.912,0.698,0,-6.189,1,0.0805,0.224,0.0,0.0763,0.478,128.02,227707
4IOG39Vc3TmhC9XsQrW4j5,0.629,0.848,1,-8.491,1,0.0359,0.000164,0.775,0.135,0.146,139.945,334990
5Ec40OyrWfSNHnyWI4CtZw,0.691,0.724,1,-10.353,1,0.0435,0.0197,0.895,0.13,0.392,137.977,451401
07CXn7KODQAYrJRwZ3gELC,0.585,0.826,7,-9.944,1,0.062,0.00774,0.921,0.445,0.0381,140.002,389319
5iBD78tPnoNqiBOQRMLVC5,0.83,0.549,1,-7.228,1,0.214,0.0599,0.0,0.0661,0.392,136.8,148000
4h44VOuXdJLAugHlw5Pd2f,0.799,0.611,0,-8.525,1,0.37,0.155,0.0,0.339,0.789,139.002,104000
2Ylan202QAi24fjCBHjtL3,0.881,0.49,5,-9.396,0,0.207,0.37,7.24e-05,0.118,0.503,138.046,133000
6NauRAyBnIqEJs90jF5NNU,0.497,0.484,7,-7.15,1,0.0326,0.259,0.935,0.26,0.118,92.699,23976
3dUKG9gbGL1skv9eAgellp,0.899,0.601,1,-4.107,1,0.449,0.0851,0.000182,0.271,0.675,140.958,146383
3yfE3yPUckrkqNZ2NOtZ97,0.901,0.771,5,-4.396,0,0.374,0.223,0.0,0.518,0.436,123.956,186857
4PvBEB2BYMfc9dmblEwt3n,0.454,0.683,11,-7.307,0,0.0688,0.467,2.62e-06,0.322,0.394,89.956,246144
6614L668d1inUl3d8IBZMl,0.575,0.838,3,-5.381,0,0.356,0.388,0.0,0.151,0.867,161.059,181773
6dPPmvsoMacSlVCSfNC2mk,0.446,0.596,1,-4.192,1,0.259,0.0328,0.0,0.117,0.438,79.269,212569
066LteVB0ISM3vadOPHJbP,0.706,0.74,1,-9.572,0,0.2,0.15,0.45,0.484,0.596,153.016,133337
5LEnU3bZhirP2g6OZYJG3k,0.34,0.627,8,-17.137,1,0.102,0.631,0.195,0.748,0.467,129.189,274824
5VB0kQZmd3M0i1Q858dhT3,0.347,0.371,9,-17.532,1,0.0488,0.884,0.105,0.518,0.487,81.86,453912
6GPo4bChsJZmlYflbLXPis,0.389,0.367,10,-17.78,1,0.518,0.933,0.0,0.507,0.713,169.183,30101
2F4pVmHCyjmaPQZaD6M5Ln,0.185,0.9,4,-5.414,0,0.0918,0.000125,0.0205,0.119,0.24,159.813,241857
6AW7A6Z0HPhR5aO6k0zvtz,0.49,0.906,11,-2.591,0,0.0459,1.77e-05,0.302,0.231,0.429,92.047,168574
1WYNUo0tr0mOWzRdeGS8YC,0.702,0.805,1,-4.624,1,0.0357,0.0116,0.00106,0.1,0.545,122.028,293174
4KNoOpkHReJrg0PZgdJGXL,0.426,0.211,5,-14.538,0,0.0353,0.749,0.311,0.111,0.136,141.599,192676
6RtEoD5d5RePv7N36oCGpO,0.576,0.423,0,-9.442,1,0.0378,0.0385,0.446,0.0703,0.215,135.569,394030
2vfSLAwsIXM1GVE1imA1oN,0.658,0.52,4,-8.139,1,0.0444,0.194,0.542,0.0683,0.248,133.951,207761
5pxNVAGkDWoq3IU0tgZCrK,0.579,0.265,0,-15.452,0,0.176,0.848,0.0231,0.174,0.776,157.926,186456
0LkZbFRlUVoXBkBVRDHPLc,0.407,0.0102,5,-19.161,1,0.0584,0.949,0.0,0.0846,0.606,87.751,54840
56PuSipvu2L1oIi3I92Zyf,0.439,0.751,2,-6.807,0,0.0373,0.29,0.426,0.125,0.346,173.931,196613
59MIGQXKVpkzNYgizcdn3e,0.336,0.63,11,-6.702,0,0.0376,0.111,5.15e-05,0.253,0.285,167.81,201253
0F0ylVHQEjIsiGnzOJQyy5,0.749,0.742,5,-5.249,1,0.194,0.183,0.0,0.729,0.388,96.031,192500
6NSRwKmFyhNGPy54LWpFUv,0.698,0.665,2,-6.612,1,0.305,0.345,0.0,0.113,0.554,133.294,163800
0UqKMIFXHMY81Eur6MHrOq,0.837,0.681,6,-6.303,0,0.259,0.21,0.0,0.177,0.656,106.34,195419
2LyIZqKIQBEUwRZLnXcAIX,0.554,0.368,6,-9.937,0,0.0436,0.0439,1.17e-05,0.35,0.223,149.972,110400
51f919WzCE8MU5hDLFS2nd,0.775,0.58,1,-8.701,1,0.137,0.266,0.0,0.282,0.719,140.035,212120
21Ox6f4QmNV5K6MEW28nGl,0.695,0.584,7,-10.031,1,0.0778,0.181,0.00201,0.102,0.203,84.971,146947
4MpUr4HQuWuZmBdCG8wVcc,0.523,0.746,6,-5.127,1,0.37,0.00381,0.0,0.374,0.608,108.783,221337
3x2PcaJ78nwFpcAoDtTfU1,0.689,0.608,9,-6.466,1,0.259,0.0121,5.06e-05,0.831,0.47,159.039,159570
0FfSjdEzSiHGrYel609M4n,0.788,0.67,1,-5.759,1,0.311,0.0368,0.0,0.165,0.832,139.95,191221
5uczDEzUvHfdVojjnx1mrO,0.627,0.949,0,-8.726,1,0.0472,0.0272,0.791,0.0928,0.379,152.004,328421
44JSreJxvgl3CxLo5MoQL0,0.662,0.807,10,-3.285,1,0.0411,0.293,3.55e-06,0.189,0.772,103.031,187682
4N5s8lPTsjI9EGP7K4SXzB,0.685,0.738,8,-4.413,1,0.0595,0.0695,0.0,0.128,0.8,112.972,167614
2wmrHfBFcCCYVdrlrUrJw3,0.739,0.773,9,-4.359,1,0.0761,0.12,0.0,0.0905,0.961,139.083,162839
1EDDk9JGjIinw7QZawgRXx,0.797,0.509,4,-7.508,1,0.108,0.265,0.0,0.0903,0.611,104.989,176254
6zrZ7mVcznNd2Q6qB0iBrq,0.771,0.724,9,-5.372,0,0.0422,0.209,3.51e-06,0.281,0.77,102.991,155308
7CgPnaIjzpMpM5cbeJPKnI,0.872,0.497,0,-7.733,1,0.0708,0.289,0.0,0.101,0.648,120.015,193456
7kH4hHNDm5noRH0EkLn9kn,0.729,0.724,3,-6.511,0,0.0547,0.226,0.000276,0.172,0.464,129.932,165988
4T92ObGWmucqtdeUenhKV7,0.841,0.707,4,-5.339,1,0.0603,0.023,0.000972,0.106,0.656,141.978,149531
0FmMsF3ptcfuZWW1HmvaRQ,0.894,0.67,9,-3.764,0,0.281,0.00755,2.9e-06,0.125,0.944,120.061,132319
1gYdiVII0YJMuaTiIY37HJ,0.429,0.784,11,-7.504,0,0.479,0.22,0.0676,0.533,0.273,181.865,109587
02BtFSa75n7SBL3TQbpDq6,0.505,0.833,7,-7.815,1,0.35,0.103,0.0539,0.612,0.138,164.934,120840
5pLIhW61M5t7UkJ7HGkJVP,0.734,0.829,4,-5.168,0,0.211,0.198,0.000809,0.162,0.464,156.072,117523
1SoERFRznJkluaX7S3UXqh,0.676,0.734,9,-10.667,0,0.0399,0.000166,0.211,0.0844,0.653,123.995,440775
4etzvpGZDLRUNuleCL0YI6,0.645,0.758,0,-9.046,0,0.0464,0.00529,0.722,0.0979,0.3,119.024,591645
6nNWyHGHDNFQj2xhptgLvC,0.784,0.556,7,-10.934,1,0.0511,0.0161,0.442,0.0955,0.321,122.004,521938
3sSlrxRD9X1jYCzBtbbiwg,0.567,0.66,9,-6.357,0,0.317,0.51,1.14e-05,0.186,0.262,108.81,163800
332TO0w5iJ8h4h55Qq5a0R,0.639,0.519,6,-6.334,0,0.238,0.00927,0.0,0.197,0.359,160.404,229000
2BR4cE9udCDcvZ2HtuLv3N,0.699,0.62,9,-6.664,1,0.069,0.0153,0.0,0.213,0.266,142.104,140000
7oiqxhRXTv11kRqEV0D70G,0.292,0.548,2,-4.977,1,0.0363,0.0827,0.0,0.414,0.207,175.053,112920
3262RRKqFC1oJXFwCMqgM0,0.481,0.973,7,-1.945,1,0.0542,0.0037,0.000877,0.325,0.362,99.331,195520
7vBczWEtVRGXkI5HOISv7L,0.242,0.983,2,-2.679,1,0.106,5.08e-05,4.43e-05,0.303,0.301,163.366,239053
3epRLL1gAQADd6QOjmjzwQ,0.937,0.66,10,-4.887,0,0.0633,0.0384,1.88e-06,0.0613,0.921,129.969,119693
4CGEAR3vgOJFNd3SDVxTHy,0.818,0.626,11,-6.253,1,0.171,0.0489,0.0,0.11,0.334,149.975,192000
6jFtNdBVB7UpNe9RsqG63b,0.885,0.497,1,-7.124,0,0.12,0.00423,2.35e-06,0.112,0.356,77.024,137143
18XTUVhV3rgnkMjqr5QmM2,0.505,0.793,7,-7.631,0,0.256,0.254,0.0,0.161,0.331,130.427,200000
0y5vXT3hJwWqhJ5oOBwgBM,0.581,0.634,1,-7.599,1,0.206,0.401,0.0,0.115,0.677,127.128,215737
1nflUpdeXFp27qSt7aBlZ9,0.619,0.667,9,-6.191,0,0.0736,0.0916,0.0,0.114,0.219,84.999,184529
3bDRMfygdJbTDbsdmzc1PP,0.527,0.562,9,-6.623,0,0.0331,0.153,0.0,0.232,0.188,119.861,121053
1gYipuSzUpI6BENbGrgeid,0.654,0.696,9,-7.902,0,0.134,0.282,1.07e-05,0.0575,0.274,120.106,202160
3rP4fbwWIAxRqay8ozCvhu,0.763,0.617,1,-6.734,1,0.0708,0.00457,0.0,0.11,0.351,92.005,241973
78TdaRmo17p8J6BPvA8cGt,0.495,0.521,1,-9.72,1,0.0766,0.0317,0.0,0.288,0.238,111.426,114053
7CLja1KXFDtegtO0NCewNm,0.722,0.54,0,-8.13,0,0.0725,0.0505,0.0,0.445,0.274,124.915,147579
7vQUmIUpnnOmzmSKDGJAol,0.545,0.738,2,-7.715,1,0.0478,0.0522,0.0,0.283,0.3,84.961,173730
3yqfCfgJiPGXVXXJjDyhdB,0.732,0.791,1,-3.937,0,0.0377,0.00533,0.00075,0.0782,0.361,142.045,142817
0tng6XwCaDs9cgNvdgxvb8,0.543,0.715,8,-3.084,1,0.0312,0.00844,0.0,0.361,0.068,143.125,188179
6tTunOXLrH9Mw2u0hXmBHq,0.877,0.629,8,-5.265,0,0.166,0.00281,0.0,0.0938,0.227,129.052,150242
6vRvqf5N1ZfCfG67s7EXH1,0.343,0.162,8,-14.522,0,0.0412,0.817,0.00709,0.122,0.146,70.788,219693
0NiWSr6RZQQKWH2yG7fnrC,0.595,0.856,6,-5.309,0,0.0669,0.0791,0.000814,0.187,0.682,161.921,227827
7M62aDkiSepRVEb32T9IO4,0.331,0.653,1,-7.145,1,0.0835,0.198,6.98e-05,0.107,0.469,155.565,233173
0258EtxjiL6jPMPcqyVSEQ,0.52,0.629,1,-10.321,1,0.179,0.0261,0.0,0.125,0.32,143.961,191400
28TwQfUt2pJbmHLwoR281y,0.659,0.718,11,-5.417,1,0.0502,0.185,0.0,0.111,0.468,77.996,212147
6RoX1kFmPx83oIj4u74bXm,0.819,0.592,2,-7.045,0,0.0642,0.266,0.0194,0.153,0.658,121.319,186960
4BjMpPh6MbeKOh30aoADTY,0.576,0.453,4,-7.352,1,0.0292,0.88,0.0,0.138,0.297,92.009,169874
4d0hPztsJm1kP8RD6rnvgC,0.362,0.989,9,-2.377,0,0.108,3.88e-05,0.0,0.0616,0.38,168.061,237533
4V4XoRpeUvfFGvudLNMtI2,0.525,0.92,2,-4.714,1,0.0615,0.047,0.0,0.373,0.602,165.391,166093
6yT4ww7r7wDBlwMDUazx0U,0.416,0.967,9,-2.289,0,0.109,0.000367,0.0,0.0632,0.431,171.032,192787
1WLqDKmGYCA4FYlsCksbjE,0.662,0.682,10,-5.97,0,0.4,0.712,0.0,0.0817,0.529,145.059,125793
2qkGjI7czKW5oba8dGjecz,0.655,0.777,8,-5.17,1,0.0848,0.0852,0.0,0.287,0.703,139.957,118328
0CHKBGa53s2qV9mozCy8ny,0.723,0.658,7,-6.851,1,0.273,0.741,1.5e-05,0.11,0.395,95.86,162825
2cAEOFTR4jmcrrPMUONhuu,0.656,0.919,11,-5.035,0,0.25,0.0328,0.0,0.283,0.449,164.991,162495
3lbgZ7OEQ1PguO88gw6tCH,0.506,0.81,9,-10.055,1,0.0627,0.000708,0.0555,0.0909,0.392,127.008,180192
3p6FW46EW4c5ARubDTi90b,0.47,0.874,4,-10.264,0,0.0511,0.000296,0.00108,0.439,0.763,151.013,192602
4CZg3tQMBSCgrNEHSvyOyY,0.472,0.724,11,-10.793,0,0.0419,0.000262,8.78e-06,0.322,0.668,86.056,193398
6f54Xw4IepyDpeJ4tMHZyS,0.706,0.0648,9,-21.3,1,0.0418,0.975,0.661,0.37,0.174,145.991,445780
2EDAP6kj1U5UQudx6x5Ao1,0.582,0.174,11,-21.543,1,0.0455,0.935,0.851,0.125,0.498,75.999,307409
2Acn4uj7ek3yyAhISevGWD,0.654,0.0322,9,-29.142,1,0.0837,0.91,0.87,0.0657,0.86,98.004,83931
5MCBZz3szEzjvKKkAIUiwf,0.161,0.29,0,-11.815,0,0.033,0.985,0.984,0.348,0.0373,75.879,107792
1JBWD7vDAKRfR86SJ74Rws,0.592,0.275,7,-12.314,1,0.102,0.931,7.29e-05,0.711,0.441,101.56,122708
7cOPAYv04PMQZxvwLQyNxa,0.414,0.675,9,-6.418,0,0.468,0.668,0.0,0.707,0.332,204.734,268375
6OGUVwzKmChQ4lJjL9nSat,0.818,0.679,1,-5.278,1,0.0423,0.02,0.63,0.0873,0.133,132.028,210909
4Ksj9mKfsYC5b8v8Ey3c8I,0.174,0.0466,3,-18.458,1,0.0495,0.672,0.196,0.42,0.0337,116.713,179387
07FOCFJhMmCVQDyWX1d3gR,0.715,0.649,2,-11.294,1,0.109,0.036,0.0199,0.0795,0.478,100.077,212107
2Aq78kKI9yuloJQkcbhQbU,0.621,0.538,10,-9.307,1,0.0401,0.0117,0.0189,0.583,0.311,85.977,367293
1RhSwnZQ03Dzofl1Nn3WP7,0.676,0.686,9,-11.03,1,0.0533,0.00857,0.772,0.33,0.692,127.998,193127
2EMtYYIrBsJ1Z06Ecs1IcI,0.859,0.514,7,-12.538,1,0.345,0.217,5.92e-05,0.11,0.743,165.104,175357
4o18sOcvl68Z9DammrtXQr,0.724,0.861,9,-10.74,0,0.0994,0.477,0.0894,0.107,0.377,139.991,240512
3fdXEMBTjHNJ5Bug5c7rZi,0.728,0.579,5,-9.778,0,0.0525,0.017,0.682,0.0654,0.0367,124.005,424431
0tEXw5WFaX9QpSVB8T7U1f,0.755,0.735,10,-5.698,0,0.0413,0.000203,0.866,0.102,0.28,124.988,484299
4k7b4gCqMdY1MVE705dJB2,0.756,0.755,7,-6.855,1,0.0733,0.00103,0.903,0.112,0.0377,124.996,315447
39QggHPgxAyGdKF7rUg1Im,0.551,0.483,7,-11.758,1,0.373,0.216,0.0,0.0783,0.455,100.905,370000
3XnMDbPosWI1XlaTVwBYRN,0.876,0.559,11,-9.46,0,0.217,0.0957,2.44e-05,0.103,0.541,150.028,167053
67sZGo41W4hL2OuYNr3Asf,0.722,0.674,11,-8.024,0,0.0441,0.24,5.83e-06,0.0863,0.57,94.572,155467
3Zc9L903nOcAvRVw6gBAru,0.534,0.359,2,-19.822,0,0.715,0.856,0.00194,0.348,0.564,81.789,117000
6MtXeAbVjg7MGQWpITBPBX,0.507,0.446,11,-16.485,0,0.301,0.232,0.000332,0.154,0.524,91.367,250875
3vrcjzlIYcFrUmvRlwVfSj,0.779,0.38,9,-13.806,0,0.379,0.465,7.37e-06,0.414,0.788,93.199,338739
1PtXtGJSDKTkB5urVEZ7rf,0.614,0.74,4,-5.031,0,0.0684,0.179,0.0,0.21,0.247,90.044,219752
1IbYD5V9zCvkPfIPcWqerO,0.584,0.787,1,-4.706,0,0.146,0.203,0.0,0.251,0.765,153.992,197375
5GZ4tx6VZxM7V4IQtSJFyx,0.821,0.594,2,-5.601,1,0.316,0.403,0.0,0.0926,0.369,126.027,125125
7ni9ZfWMcuAYrIjeDHZ3gv,0.582,0.608,4,-8.384,0,0.257,0.174,2.42e-05,0.356,0.419,134.092,215821
19YKaevk2bce4odJkP5L22,0.633,0.395,8,-9.638,1,0.0857,0.692,0.000222,0.108,0.123,138.023,314075
2ZWlPOoWh0626oTaHrnl2a,0.575,0.386,9,-9.584,0,0.037,0.785,0.000289,0.229,0.466,116.408,249191
3xKsf9qdS1CyvXSMEid6g8,0.545,0.545,9,-7.362,1,0.107,0.667,5.48e-05,0.417,0.549,159.94,184516
4tzcqWOSnJhmiE0NbY6K8I,0.646,0.761,11,-7.349,0,0.0376,0.145,0.0344,0.0908,0.632,89.964,235453
7CIaxkpPPSf4cRsLf4aFik,0.659,0.819,8,-8.921,1,0.0386,0.0826,0.713,0.178,0.332,111.594,319987
52MkFwdFmpPHCAbSgtaGgB,0.603,0.508,5,-7.718,1,0.0335,0.318,0.166,0.18,0.414,75.031,315040
4N1bImT4gKiioHdC9oqlaY,0.554,0.534,2,-7.375,1,0.0392,0.0361,0.00216,0.0924,0.184,127.775,153172
0AE7F5zIdjFPX0K0U8HUkm,0.744,0.312,0,-5.851,0,0.0408,0.675,0.155,0.121,0.283,92.01,154532
0NWMPu3EzbUr0VBi0tIVGB,0.671,0.336,0,-10.901,1,0.0591,0.875,0.00598,0.146,0.376,134.88,277519
3gro2tfkybWGoK9MflVLWs,0.8,0.636,11,-9.242,0,0.281,0.0275,0.000156,0.166,0.527,86.019,149799
2ASD3lIvN1z7MUgXqnZd8R,0.782,0.668,9,-9.168,0,0.277,0.378,0.0484,0.112,0.825,80.111,150877
73JHeIhYKRV1c6RI4ZXsjW,0.726,0.856,8,-6.196,1,0.158,0.016,0.0144,0.253,0.951,75.016,147960
3m7nf22PEhpfZRlLvpufCI,0.651,0.962,0,-6.276,0,0.0581,0.00483,0.559,0.183,0.485,160.037,228100
0RjvskBHBDjDygaJWkupQ2,0.668,0.945,0,-5.062,0,0.0582,0.242,0.031,0.16,0.333,160.029,158404
2qHTMMgDpHTUMOQmMkRFvP,0.791,0.586,5,-5.526,1,0.217,0.0577,0.00585,0.0808,0.338,149.967,121600
46ZHUnI53Jod6L0XVaRTmD,0.715,0.845,6,-4.183,1,0.137,0.0272,0.000709,0.21,0.647,170.028,137647
1b9pyxlIIjP734VIfXj00T,0.747,0.485,8,-8.041,0,0.0741,0.497,1.25e-06,0.186,0.3,121.905,177121
1swB2nWkuXLdBXMuIADIB3,0.409,0.744,1,-10.654,1,0.104,0.0542,1.47e-06,0.111,0.559,113.188,282500
0oqMQ2fk3AnEcT85nfARMU,0.606,0.588,8,-8.59,0,0.0747,0.0253,0.0,0.125,0.363,129.976,233579
18Q32aBU47EXWfzqC0Q8L3,0.714,0.416,3,-11.96,0,0.428,0.187,0.0,0.0916,0.8,155.931,223961
5MCBZz3szEzjvKKkAIUiwf,0.161,0.29,0,-11.815,0,0.033,0.985,0.984,0.348,0.0373,75.879,107792
1JBWD7vDAKRfR86SJ74Rws,0.592,0.275,7,-12.314,1,0.102,0.931,7.29e-05,0.711,0.441,101.56,122708
7cOPAYv04PMQZxvwLQyNxa,0.414,0.675,9,-6.418,0,0.468,0.668,0.0,0.707,0.332,204.734,268375
5w5ye7fDb1cNZnbJMddkgR,0.449,0.449,3,-13.919,0,0.376,0.938,0.0,0.147,0.347,113.529,94571
3kZIgZzN71mvbzRY19dCXQ,0.741,0.496,5,-11.046,0,0.0453,0.816,0.00106,0.106,0.358,107.012,201187
7c8E0DbKrYmOC71V74qkF8,0.483,0.923,5,-6.883,0,0.313,0.277,0.0224,0.104,0.96,179.683,180395
63q3GlHZstxXzfb0zt7ZYY,0.549,0.715,10,-7.01,1,0.0356,0.359,0.0,0.101,0.555,134.074,229773
3Jzdz9f3KAgF9z6Ov866gl,0.469,0.562,1,-6.402,1,0.0343,0.568,0.000135,0.123,0.483,138.197,237320
4MTmAFWHpvB9kPMSRgLFRp,0.573,0.507,11,-8.084,1,0.0342,0.759,1.37e-06,0.377,0.363,123.183,172800
65Biktiny9LQKJC3c0qbYE,0.556,0.7,0,-8.126,1,0.0475,0.0782,0.608,0.0699,0.131,118.022,248465
1mEbRGIWCAtwph5VrNnQlE,0.593,0.643,0,-11.317,1,0.0279,0.0832,0.621,0.145,0.461,107.011,212425
2P97GCZTtGP8xAeSnbx6Va,0.845,0.433,2,-12.092,1,0.0607,0.0838,0.529,0.104,0.129,106.989,158247
0cl3byBWExGn6aEarVYy03,0.51,0.901,9,-10.516,1,0.245,0.167,0.000744,0.33,0.542,170.15,148000
6M24Lr2CgLJg6WNADLf0dg,0.625,0.549,6,-9.315,1,0.0296,5.64e-05,0.73,0.164,0.122,107.969,113520
3nvbuSK7WPDwpyXNAv5sYO,0.712,0.758,6,-9.04,0,0.0536,0.00335,0.414,0.0874,0.483,121.026,248527
0L4Dkndcw5nics7ecMpCZv,0.708,0.669,11,-10.296,0,0.0406,0.14,0.784,0.0971,0.36,116.776,270112
3AARcTY0etRkP9sQev0BPU,0.595,0.604,0,-8.401,1,0.0702,0.383,0.222,0.422,0.3,135.937,326093
0D7t8hOXxLiGe9tMgB8OQT,0.641,0.705,10,-7.152,0,0.105,0.0146,0.618,0.104,0.71,104.747,117526
5pfc8Q86sfgziVm8jSIdar,0.201,0.958,2,-2.949,1,0.0842,3.63e-05,0.0,0.338,0.209,157.061,166406
5VeVjD5POqIsPLsCnZxBHc,0.815,0.619,9,-8.073,0,0.117,0.143,0.864,0.117,0.399,170.01,214147
1yDBsOk6ccMci1kcRQxMsJ,0.666,0.852,2,-10.257,1,0.0777,0.452,0.00108,0.544,0.793,113.512,94362
6YV2AI87l1n2fzqU8Dyo05,0.402,0.514,1,-7.322,0,0.0471,0.106,0.0,0.181,0.2,120.009,251095
59ZmQR4pwCaa5iM3veM7Cs,0.646,0.605,0,-7.59,1,0.188,0.0636,0.0,0.253,0.309,90.156,141213
2R30S0W4JCM9JaQWlpmeWn,0.571,0.55,0,-6.567,1,0.106,0.0548,0.0,0.179,0.104,120.947,285630
0zoruGGA2aWfwxV7heTXQB,0.724,0.784,1,-4.948,1,0.589,0.021,1.11e-05,0.101,0.231,175.788,166933
7m8pU6LfXdDIJfpZs1kYuD,0.73,0.77,11,-5.23,1,0.366,0.00519,2.16e-06,0.0747,0.526,123.867,157819
2q5DK0YjwTD2UQjYiIfVQf,0.521,0.811,10,-5.542,1,0.391,0.25,0.0,0.0821,0.262,179.107,230765
7oflw8vjip4As6wsTwRX4b,0.119,0.0936,11,-27.538,0,0.0328,0.896,0.913,0.144,0.127,93.481,93148
0QiofYKq68YJFnwB7PLl9G,0.8,0.821,5,-8.872,0,0.0427,0.0768,0.359,0.213,0.898,119.998,191623
6dr7kkfIBaUGD5e6JeJJT1,0.618,0.754,9,-8.843,1,0.0268,0.0127,0.558,0.111,0.383,120.993,196640
14oE0VEMMpjXZRH4RbC8lW,0.722,0.63,5,-7.397,0,0.318,0.599,1.28e-05,0.163,0.728,93.142,105161
3NpSHyit8cO6lTKqfGq7Av,0.84,0.581,0,-7.469,1,0.358,0.511,0.00388,0.086,0.594,130.059,180912
1pJDU5RZ8iR5T88nU7gxLq,0.71,0.631,10,-6.869,0,0.148,0.57,0.239,0.211,0.538,125.034,167040
1UBENIIjSOFZenOsD6mPee,0.65,0.75,9,-9.735,0,0.03,0.00809,0.845,0.0902,0.0715,126.014,343596
7LKq8j8jOmdqIHWKbRHNZT,0.766,0.706,2,-7.35,1,0.0408,0.000601,0.929,0.0981,0.0336,126.017,372262
5cXOVPqhOAz9bXa9AI4XwU,0.624,0.882,5,-9.704,0,0.0372,0.0128,0.667,0.144,0.258,127.999,313574
3F3PuqGinS2T1ePmjUTw9t,0.476,0.7,0,-5.569,0,0.276,0.429,0.0,0.157,0.625,85.114,233688
3p4N6mBFv42M8dI8SUoPre,0.831,0.721,11,-5.447,0,0.164,0.277,0.0,0.0403,0.443,124.007,175329
3PgnXyzWXrEoE0oQdLMF3M,0.756,0.692,8,-4.434,1,0.122,0.103,0.0,0.283,0.553,115.067,186186
5VeVjD5POqIsPLsCnZxBHc,0.815,0.619,9,-8.073,0,0.117,0.143,0.864,0.117,0.399,170.01,214147
1Wyxubh1ua6Y2dayqmrLaP,0.476,0.684,11,-6.45,0,0.0396,0.034,8.53e-05,0.109,0.381,143.84,241667
1rsbPv0SEVECm2nAmYWbkP,0.69,0.506,5,-9.326,0,0.0376,0.561,0.182,0.101,0.767,154.025,204347
5fiszWHyYWv7NzncvKPo6w,0.748,0.704,5,-8.978,0,0.0637,0.175,0.00501,0.12,0.758,112.009,248173
02YOJ7yi7U0Ow0r0KzFasp,0.281,0.244,4,-18.98,0,0.0676,0.991,0.477,0.0447,0.178,70.834,49093
6OHknPSn6aXsrLlyb9LQbp,0.606,0.91,4,-2.819,0,0.0612,0.0574,8.09e-05,0.0976,0.54,150.126,179240
6LZENwE4fN7grQrhEid9lq,0.657,0.874,7,-4.137,1,0.0676,0.0484,0.0,0.164,0.539,89.985,181800
4NhOPC9WcTA5llKw7tbYEQ,0.751,1.0,2,-3.384,1,0.0659,0.00105,0.851,0.0676,0.148,146.97,339592
2TYcxKCale4adLTwDRKkmV,0.617,0.624,6,-6.896,0,0.481,0.209,0.0,0.323,0.727,86.087,203456
1Gj06DJZBCKKvwurPprOZc,0.6,0.588,10,-7.581,0,0.493,0.123,8.26e-06,0.139,0.437,164.141,79185
4QyO5yNf3W534HK5gI1lMA,0.718,0.652,10,-7.373,0,0.132,0.0795,0.0,0.102,0.482,84.014,160982
64WggsjYSG4b146Bit44yC,0.668,0.987,5,-3.292,0,0.328,0.126,0.000393,0.324,0.709,161.216,152422
2XKFJsnHUSqxplgpGcwBLg,0.826,0.613,9,-8.218,0,0.0451,0.124,5.91e-06,0.244,0.56,120.023,159714
3f61XIHsjJrm5Npd58ozQ4,0.647,0.359,4,-12.853,0,0.0343,0.258,0.0,0.177,0.0488,120.145,157479
047Ykq1PhrhQPUEWh8Z57Z,0.752,0.493,7,-9.988,0,0.0919,0.31,0.0,0.0804,0.0819,127.949,188359
1l9fiYt0jxNXwnJ9dQgiIZ,0.787,0.803,7,-8.608,1,0.0568,0.00482,0.805,0.102,0.276,129.99,358154
0Wrec5ba27mtojRFPYcDGC,0.717,0.877,0,-8.218,1,0.0549,0.00189,0.597,0.0981,0.354,130.002,330462
5Qk0poYdUq6ePxHqMYF9Wc,0.712,0.79,1,-8.137,0,0.0678,0.0224,0.86,0.121,0.0786,126.991,379843
6xGi08iHBjZC1HVgMIDUVa,0.669,0.427,3,-10.161,0,0.037,0.539,2.9e-06,0.118,0.325,100.032,289596
7JXOf5LpbH9pEGGqXEREqc,0.691,0.646,1,-6.838,0,0.198,0.0126,0.00724,0.0595,0.551,171.858,357582
4whUwuBCbjX0fBhYZDHJTA,0.75,0.641,1,-4.191,1,0.0746,0.27,8.59e-06,0.108,0.593,99.998,232888
5GkGYgozRCsEtaqLnBc2nz,0.712,0.784,6,-6.238,0,0.203,0.0347,0.00156,0.148,0.184,143.932,149459
6l6VtnHMcgwLOyyssN6lV1,0.582,0.909,6,-3.368,0,0.143,0.0167,0.000138,0.307,0.631,169.987,186919
1njIBfj3imt8eMO1HvaDTq,0.663,0.553,5,-5.898,0,0.045,0.382,1.8e-06,0.0915,0.319,120.08,240703
2rPGerO5Mx7gfo4jgJ0k6O,0.412,0.621,9,-7.2,0,0.0584,0.493,2.21e-05,0.89,0.126,113.514,247631
5pWeSDpfDqhsgqMTl9nLJm,0.639,0.148,4,-16.686,0,0.0832,0.976,0.000953,0.67,0.378,110.461,572093
3eBHbPaiLHt0C87bsYVAvO,0.634,0.0992,3,-17.547,1,0.0603,0.974,0.0152,0.79,0.232,116.055,456067
0QO9Qc9oEgQ3JJpIUxYdI7,0.604,0.152,3,-17.32,1,0.0714,0.973,0.00532,0.694,0.526,92.32,543213
6RwEA3w5rQbiosJkdZcA8E,0.653,0.599,2,-9.64,1,0.0496,0.136,0.942,0.11,0.0318,118.009,215895
1aBvWiDl37PlNsNAr2pWpc,0.756,0.527,8,-11.861,1,0.0428,0.00201,0.509,0.112,0.248,119.996,416500
4gvMYSJyD9S2vhGnP4eYjt,0.736,0.585,10,-10.198,0,0.0435,0.01,0.00613,0.0799,0.875,122.011,209001
1C0vH34HJpwiBoRD6bjnv4,0.761,0.86,7,-17.727,1,0.0767,0.63,0.887,0.112,0.678,140.006,146571
5kArmjlxYHzlzO2tZN2y8t,0.719,0.615,11,-5.53,1,0.303,0.474,5.47e-05,0.483,0.353,90.251,174333
6pkkZNd1olnmtfiGm9itBu,0.557,0.703,9,-6.2,1,0.332,0.917,0.000222,0.84,0.541,88.883,162182
03jtVM4NS3dK6wBGC87qX7,0.509,0.703,2,-6.592,1,0.278,0.489,0.0,0.109,0.607,129.381,215731
0tvhvBd8VDNSLyReeeiNHW,0.755,0.993,7,-7.223,1,0.0624,0.00259,0.914,0.117,0.694,149.987,271667
3uAs1PrJccaNlB1uTi9h22,0.565,0.634,9,-10.024,0,0.131,0.0328,0.0,0.0803,0.252,100.079,259710
4vyyuXihi031R5jHh93tIN,0.64,0.542,1,-8.807,1,0.199,0.0989,0.0,0.115,0.243,96.106,185015
17qr666Oy75DR1D5L7pUK4,0.591,0.586,11,-7.191,0,0.15,0.286,6.35e-06,0.107,0.593,95.728,221616
7tnm3N6app6aMzuzkWtbXL,0.723,0.883,2,-5.449,1,0.496,0.437,0.0,0.187,0.794,62.345,211613
6a9wz79p9OrD4lMKxErg1Z,0.701,0.827,1,-4.644,1,0.335,0.231,8.09e-05,0.104,0.749,94.2,173617
50Xs43wEZXBegfBrpQkc1E,0.664,0.789,7,-5.551,1,0.45,0.593,0.0,0.0844,0.85,93.286,149845
1Pj4u9zokBWq21tx5YSwZW,0.578,0.913,5,-3.535,1,0.0525,0.00509,2.23e-05,0.0263,0.493,100.009,170203
5ZY33UrdYdazDt0CvbAQMV,0.501,0.797,1,-5.769,0,0.0611,0.0852,3.22e-06,0.516,0.248,159.998,174351
4bBAaQEDhW5tzlJWRcRf1l,0.61,0.793,5,-4.189,0,0.0903,0.0427,0.0,0.299,0.788,150.04,168891
4OkFBMU18NidtaefaTjUq1,0.776,0.557,2,-7.441,1,0.545,0.0496,0.0,0.112,0.284,156.978,198722
26Hgx0810XUis01XWvoftB,0.728,0.496,11,-7.298,0,0.127,0.0325,0.0,0.0916,0.214,86.468,166889
0VOMBffX1llDu37yQUt3u3,0.474,0.576,1,-6.963,1,0.257,0.00248,0.000309,0.174,0.285,157.947,195197
1kwJBjvnGlf7LNJHca9kxz,0.87,0.516,10,-7.998,0,0.152,0.0197,3.74e-06,0.109,0.35,163.045,88367
4RbNBw3B0Lkb0LcbKzdG5B,0.697,0.671,11,-11.218,1,0.289,0.0143,0.0,0.148,0.424,174.057,138664
0xY04npxze3ONueLnJ5ZsM,0.732,0.723,1,-6.198,1,0.325,0.335,0.0,0.577,0.457,191.845,129168
4oQlm4V0YEo4Qhyj0N6PLp,0.762,0.721,11,-6.168,0,0.426,0.0847,0.0,0.14,0.692,158.951,138868
5Fo8D20nVbWVMcSGzgM5MT,0.443,0.792,11,-7.556,0,0.38,0.0151,0.0,0.0862,0.619,170.415,148180
4RoG5SlyMJxDYQ7ooepbtB,0.586,0.535,8,-7.932,1,0.384,0.0475,0.0,0.53,0.441,179.606,172667
6ZxKFQiNOQbtkGrPXxl7Gb,0.459,0.572,2,-11.749,0,0.0718,0.473,0.12,0.295,0.498,129.866,73460
7fvlyMjWnIPjHEHVlhy1M7,0.704,0.628,0,-8.281,1,0.815,0.429,0.0,0.102,0.536,79.948,108000
1u0ZxfGTTmo7lbreCUZQoQ,0.54,0.583,1,-9.122,1,0.31,0.351,0.0,0.205,0.528,79.485,204028
0c64L2A5ZekIu1LSMQhfxr,0.528,0.694,11,-6.442,0,0.113,0.71,0.71,0.179,0.321,173.806,60090
49oTsfpEVTAaGFw2dFPWlY,0.49,0.818,4,-8.112,0,0.0865,0.384,0.0,0.124,0.568,81.46,116416
42YP0rVn92mCJV2W0CMhSy,0.791,0.527,2,-8.22,1,0.32,0.0864,2.79e-05,0.133,0.391,138.075,198000
2q7jpVfCtcuRwcur9nQeuC,0.666,0.534,2,-8.495,0,0.0828,0.269,0.000873,0.068,0.392,139.998,192976
0bi5FvXIhRAQISeuTAWqKL,0.622,0.602,1,-9.399,0,0.188,0.621,1.09e-05,0.139,0.646,176.069,186150
6VoF99qVaYd7J6Lor696pI,0.68,0.846,7,-6.352,0,0.115,0.392,0.0,0.251,0.316,167.97,178197
1DyEGeqjcYRPLEuGRVNPui,0.654,0.938,1,-4.552,0,0.345,0.134,0.00014,0.335,0.45,160.017,149812
4BaWIU6w9M8UBhwzl9pBrQ,0.534,0.814,7,-11.23,1,0.0743,0.0838,0.0,0.282,0.684,196.332,127256
1KzfEDYD3m6D4dcDTVflpx,0.753,0.903,9,-7.075,1,0.107,0.0178,0.807,0.383,0.116,127.999,288000
1V7pyqFVc8xFKOtATqQdtU,0.792,0.802,0,-7.739,1,0.0664,0.0233,0.881,0.139,0.589,128.021,329700
4sOPkfEznwjLtVPTlNUZND,0.771,0.656,5,-7.95,1,0.089,0.00272,0.818,0.154,0.433,128.0,285180
74WMwDiFR0lcwwrgaadL2C,0.52,0.829,8,-3.166,1,0.0369,0.000326,2.3e-06,0.175,0.52,84.434,216474
0g4Nl4tH0jef0wApjV5sfH,0.505,0.893,1,-3.314,1,0.1,0.00169,0.0,0.145,0.682,171.081,199199
79Cr40AJWWnmUNTxyi2nhp,0.473,0.921,1,-3.521,1,0.0466,0.00109,1.25e-06,0.0341,0.39,152.126,195899
5KVBfYMia4pVQAVhBE3wQe,0.689,0.657,1,-6.033,0,0.367,0.466,0.0,0.106,0.439,86.984,225718
4OxYiUMfFINfeOHgb8RhwB,0.818,0.637,5,-5.198,0,0.311,0.569,0.0,0.111,0.659,87.95,189949
3SooDD3ycCki4IMZCHM7OR,0.591,0.557,0,-6.921,0,0.399,0.3,0.0,0.101,0.23,151.549,183428
1nGUyLYibCvvkfUs6yexUW,0.4,0.121,4,-19.637,0,0.0457,0.89,0.013,0.203,0.136,129.34,173539
4CVMl9fMJOnvTkX8DtIpaH,0.689,0.594,1,-11.741,0,0.099,0.691,0.0,0.112,0.687,125.024,145920
26YlRMY1T4zMgZ22HRiDii,0.663,0.46,0,-10.846,1,0.217,0.617,0.0462,0.116,0.229,160.046,284625
4CNoKowwDKMUUUgA0cPpD8,0.719,0.557,5,-5.847,0,0.891,0.895,8.61e-06,0.747,0.603,116.061,160187
1yNH32yaoh25yB8Ii9APyp,0.478,0.801,4,-5.363,0,0.325,0.0587,0.0,0.183,0.662,106.763,277560
7xGtmCzmp3J59LXYZfH457,0.513,0.792,9,-6.091,0,0.327,0.129,0.0,0.113,0.763,106.772,240920
4C9d28ohV0JIrZM1kFkhIJ,0.465,0.831,10,-9.102,1,0.0387,0.245,0.391,0.0981,0.839,176.016,194716
46DmbCuJ2kBTiULwJfG1Jo,0.574,0.372,3,-16.58,1,0.0381,0.0995,0.664,0.0988,0.078,125.022,216305
3UMt7m8DgBk9IORKwAUi7F,0.574,0.44,1,-17.328,0,0.0329,0.00446,0.487,0.109,0.859,140.045,166562
6TPyBvaCBKjOByTApRBOyp,0.5,0.623,6,-4.934,0,0.161,0.467,0.0,0.0893,0.256,94.646,176167
6BoRGbI5nDVPmg1B7vYDrg,0.592,0.716,0,-4.479,1,0.0809,0.456,0.0,0.134,0.593,102.185,196000
48OnqvjzYG8RYuyjXGquDg,0.716,0.663,6,-5.461,1,0.208,0.425,0.0,0.0873,0.513,95.153,207158
1QLpm58GsTKd6U1JJ2YKBo,0.467,0.47,7,-7.964,1,0.0333,0.165,1.07e-06,0.111,0.385,152.135,176764
1DwiuGq5AyDxjt3JZZCKxL,0.627,0.697,5,-7.793,1,0.031,0.0908,1.39e-05,0.0748,0.398,136.039,225848
1kMlwOKwR1691C43XysENj,0.512,0.644,7,-6.438,1,0.115,0.177,0.0,0.0601,0.327,142.93,194991
3oxW8iZZPl5Y2X83COwnEX,0.827,0.714,11,-7.98,0,0.324,0.586,3.4e-06,0.113,0.493,149.967,198400
52pGXXhSsBPx3jOSxlU35N,0.856,0.496,11,-8.879,0,0.182,0.179,0.00107,0.215,0.289,119.975,178000
5zk3r9beb1FMIjT9S7CAcW,0.865,0.487,7,-7.368,0,0.0734,0.168,0.0,0.0713,0.684,123.084,187317
3dtVBmY4pJm7A0zZQJ6VGf,0.772,0.302,9,-12.615,0,0.0605,0.000436,0.000374,0.0977,0.17,144.966,185448
27WkJKQhxnpATrB5gazQxU,0.508,0.508,2,-6.665,1,0.34,0.000257,1.37e-06,0.0734,0.0885,94.062,220960
3t9esTDwotefBNrw85c068,0.773,0.579,11,-9.312,0,0.235,0.00454,0.0,0.0878,0.158,137.995,194980
13CVSGLSFl4UxpDVR6u3dq,0.387,0.253,5,-8.901,1,0.0336,0.798,0.000159,0.0848,0.134,68.004,182163
46IZ0fSY2mpAiktS3KOqds,0.604,0.366,5,-7.519,1,0.0282,0.578,0.0,0.133,0.13,141.981,224695
2DuPBbS5mIldXnh7Wum8Cy,0.339,0.492,1,-10.661,1,0.0559,0.829,0.00377,0.147,0.102,151.865,389107
4qSeVRw2SPqZnHWsLXfHJE,0.657,0.6,2,-9.64,1,0.049,0.137,0.944,0.109,0.0315,117.976,215895
5i3Rv4Y9kWVBX00zaZbuSE,0.756,0.527,8,-11.861,1,0.0428,0.00201,0.509,0.112,0.248,119.996,416500
7lavgUt5Y3HxSKxt93vinb,0.737,0.585,10,-10.198,0,0.0435,0.00994,0.00532,0.0787,0.877,122.009,209001
7BqspxY89Wn820DezqIqLV,0.669,0.833,6,-4.334,0,0.0964,0.0619,4.18e-05,0.164,0.196,150.993,131232
2fpHWy4swIIhfkIJRw1aMB,0.592,0.746,8,-6.691,1,0.0386,0.293,0.0,0.0499,0.33,140.016,206810
0S5SyycmMk51gTRFC7CqJe,0.624,0.807,0,-3.784,1,0.0346,0.0689,0.0,0.344,0.517,100.044,214209
29Eswc8MgqA24TyhmyM7Lf,0.644,0.79,4,-5.698,1,0.0705,0.0962,1.54e-06,0.0545,0.305,139.935,212819
2gDJhVspNZPpCEyzR9zOY0,0.253,0.963,8,-4.191,0,0.269,0.00434,0.0,0.239,0.324,156.245,299947
6oAinv8aWXiS5AUzV6Tdlf,0.215,0.975,11,-3.307,1,0.0711,0.000384,0.0,0.0838,0.61,198.524,226960
3j7V0K2tn1IJF1Yciu91Gv,0.373,0.944,11,-3.99,1,0.0998,0.00265,3.55e-05,0.422,0.376,165.881,232933
1uverlfbbG8InEPioAwB8y,0.455,0.255,6,-14.512,0,0.0377,0.525,0.00176,0.382,0.195,131.959,232502
1c2wTe7doRRk2n1XZe0KAM,0.506,0.503,8,-9.003,0,0.0468,0.581,0.000534,0.628,0.133,144.015,291449
7mWtOqfkOCbaldtK6TEoVd,0.543,0.497,8,-12.126,0,0.0937,0.061,0.000131,0.307,0.113,81.996,198011
3VhrDA90e4SGUV2wT9Pr3S,0.743,0.838,2,-5.609,1,0.116,0.328,7.91e-06,0.244,0.521,90.66,236914
2uy5wXDZQcdd89PvDBSfyy,0.741,0.548,7,-4.938,0,0.153,0.304,0.0,0.0832,0.285,87.148,215172
1NBRGHqZtTTkWp4HghrGK4,0.563,0.783,10,-7.121,0,0.281,0.00814,4.64e-06,0.319,0.899,90.118,197347
7t1IXAsa0eOrOVGKiauGbt,0.934,0.566,11,-11.575,1,0.258,0.0796,0.0,0.0985,0.945,134.901,126222
7tLunvD4ELqhHYHNdhnO7s,0.386,0.799,4,-3.529,0,0.254,0.376,0.0,0.413,0.295,77.199,82500
1ggBxX7Mcnm1ejBoVHgOxn,0.673,0.846,10,-7.234,0,0.223,0.0125,3.34e-05,0.102,0.152,174.999,288000
0Yen5jrWjOtmluTXGeEClq,0.637,0.97,7,-6.904,1,0.0694,7.06e-05,0.638,0.159,0.142,169.982,208298
1qG3ymvPk8L7CkVzfMEfYN,0.526,0.684,9,-5.419,1,0.389,0.251,0.0,0.0923,0.62,169.923,259080
1WYrPk6YNmPoFHVeRYUDOq,0.797,0.691,10,-6.497,0,0.219,0.111,0.0,0.0675,0.879,75.994,195440
35bmxFtDOfcdF7iuK1KxWr,0.67,0.75,1,-5.051,1,0.22,0.068,0.0,0.366,0.359,170.09,286440
1fDhy9I5YTf2NAKThCscVq,0.515,0.195,10,-10.123,0,0.0349,0.836,0.00821,0.1,0.124,125.906,323133
0rwrb7euyHuIUMhrsQ7A1b,0.685,0.359,0,-7.587,1,0.0289,0.147,2.12e-05,0.413,0.365,76.068,263253
5LccFChnddjwU5PHWwcs8w,0.493,0.688,10,-6.148,0,0.0272,0.00165,0.000585,0.201,0.403,137.998,218787
0UkjRy9JSG0ybtOzzgaY6x,0.632,0.841,8,-7.61,0,0.0487,0.00125,0.73,0.0688,0.681,157.033,188217
5V7Gy8FkCKGsVNgvaVssJi,0.638,0.66,9,-4.489,0,0.197,0.0992,0.0,0.107,0.535,169.962,160941
3VsZHU5ykxHLj7yAlQzlcl,0.625,0.901,11,-2.511,1,0.0661,0.0722,0.0,0.0755,0.767,134.99,238880
3MXS9ihM0QOyUSDYWPhAO8,0.495,0.918,2,-2.436,1,0.0629,0.00789,0.0,0.115,0.364,89.961,264067
5uTWyBh7YGr8CDlY4wHNu5,0.558,0.927,7,-3.62,1,0.0402,0.00989,5.7e-05,0.199,0.433,92.522,257760
5WNyIzlAs74qlk3h0djcSI,0.529,0.724,2,-6.014,1,0.0292,0.00365,0.0,0.0644,0.525,79.999,203893
4wDUp6WiK5p17I0IprkaRu,0.651,0.866,4,-5.209,0,0.0348,0.0265,0.0,0.115,0.269,119.022,217547
0WRx1FopplqfeKdNyosy0d,0.632,0.836,0,-6.989,0,0.0507,0.00517,0.000265,0.113,0.428,91.973,207413
0AHOj8Q9wjSEXEJ71yjOsE,0.244,0.284,4,-18.275,0,0.0451,0.975,0.97,0.111,0.0566,84.924,67385
3CrDautqOLQ1qFqnPZdAyn,0.793,0.71,4,-6.112,0,0.0841,0.18,3.12e-06,0.109,0.209,130.031,120898
7LoVJOd9eFs18RaVvy3Q0D,0.728,0.389,8,-10.589,1,0.465,0.257,0.000145,0.109,0.556,90.813,127745
4Y0oA6al57z1tQv6XnM7g1,0.791,0.815,2,-6.476,0,0.188,0.158,0.0,0.0834,0.548,149.983,170732
6FWyQ4NlCvFY7znQNrWAPe,0.504,0.841,5,-5.806,0,0.215,0.0935,0.0,0.192,0.649,77.062,64080
62q9wZMlxAZSIfHX3zw8Lv,0.77,0.729,1,-6.322,1,0.19,0.00059,0.0,0.0771,0.639,150.083,195547
1a3G9SNslcKsPAOuIikaxd,0.326,0.322,5,-20.192,1,0.0337,0.887,0.841,0.116,0.0651,89.657,53185
65OR4ywy8Cgs3FDHK82Idl,0.507,0.832,10,-5.931,1,0.0425,0.00643,1.6e-05,0.229,0.485,177.894,206682
23BO6YozrAXUta1buxFZ80,0.575,0.838,2,-6.498,1,0.0454,0.000172,0.000103,0.458,0.215,135.006,266705
2ajUxpHW8NJWV6LnbhaZTI,0.781,0.598,1,-8.001,1,0.0385,0.0206,0.0,0.194,0.131,101.043,324600
2PnujP9shJxgHRnRHA9KsU,0.769,0.764,8,-3.573,1,0.0733,0.00579,0.0,0.327,0.722,79.995,232680
5pKiGQ891XlFIU2R1wcta4,0.702,0.573,2,-3.301,0,0.0563,0.0396,0.0,0.336,0.113,73.011,372973
0vF894pNBf8nClrMgL97rw,0.688,0.908,10,-6.624,0,0.123,0.0241,0.0,0.0814,0.467,143.98,192176
4BAq4IM5NNsx69uApKGKj7,0.731,0.892,7,-5.698,1,0.0849,0.000611,3.06e-05,0.0672,0.921,150.005,194943
58R1CxmqCFwvQur0VXy8Zh,0.483,0.686,7,-7.129,1,0.0996,0.0171,9.73e-05,0.0755,0.198,127.93,253087
3xQTo7wPYHZtFbHAoygz2c,0.717,0.0503,4,-15.204,1,0.606,0.00505,1.41e-06,0.097,0.166,109.916,52062
0TAUAUIEtq06TdQDVlUSxW,0.388,0.568,9,-6.549,0,0.224,0.0456,0.0,0.0918,0.394,78.342,243187
0tffNoL4418lhzZmJJFNB7,0.443,0.236,5,-9.643,1,0.03,0.898,1.45e-05,0.271,0.256,66.296,156091
2sOj4GGKPLVLfgBexpZbrb,0.772,0.426,2,-15.589,1,0.0553,0.417,0.847,0.107,0.0938,124.011,396488
0XOypcpjrjtaCMqUwRoGm1,0.734,0.509,2,-18.21,0,0.0445,0.00163,0.844,0.486,0.108,125.0,408623
5gLwmQjMjcs2xxP1qFK7MO,0.795,0.479,4,-11.149,0,0.0614,0.111,0.795,0.0745,0.035,120.0,407139
5e2nQ3ohNh1GBDSJxxa5pp,0.855,0.54,11,-4.038,1,0.133,0.00344,0.0,0.26,0.243,129.995,246465
7u9CsMH2kQvdatOYYBlhLH,0.631,0.724,8,-7.332,0,0.206,0.00667,0.0,0.138,0.587,147.963,189274
6sO2jVXhvacCbeMaF5jIfY,0.538,0.708,1,-9.634,0,0.269,0.0151,0.0,0.433,0.472,162.802,163520
0TcIPxvsgsqgqR2m2uJEla,0.633,0.458,6,-9.937,0,0.134,0.209,0.000308,0.661,0.433,102.048,121690
3STlxBhyZO0P4RMRNIdqRH,0.481,0.688,1,-8.497,1,0.453,0.11,0.0,0.0973,0.541,73.821,171854
3nb4eZwQ1GplJRv993oRIv,0.63,0.714,9,-11.982,0,0.0781,0.0592,0.000116,0.552,0.735,114.988,168000
1VPrpfphPvCkTM09DDt7OY,0.553,0.533,5,-9.835,0,0.23,0.502,0.0,0.23,0.715,63.277,163480
381Rw1WJmu76519calQ67e,0.645,0.874,0,-5.565,0,0.254,0.0339,0.0,0.14,0.605,91.922,177507
1UpLycVyHwS16d7lOXvziO,0.48,0.902,1,-4.618,1,0.411,0.254,0.0,0.357,0.701,148.869,188387
2LWM5Ft0TdX24GeSq1u6PV,0.765,0.637,2,-5.291,0,0.0807,0.0477,1.34e-06,0.0578,0.508,89.968,173760
1TNSlRzSRjDeMJQQ2KzBQ4,0.466,0.416,11,-7.926,0,0.056,0.599,0.0,0.163,0.29,135.504,70573
7LAJlPa6xn5BWKuOFXLDvh,0.869,0.777,4,-3.475,0,0.123,0.0056,5.03e-05,0.0577,0.706,116.037,185973
3mrlUW2nvqIqxKtGfjjwll,0.65,0.712,11,-6.897,1,0.314,0.193,4.61e-05,0.162,0.364,91.954,169587
4XL4SK9H71sLcQA4o056Tz,0.81,0.852,6,-7.285,1,0.261,0.358,0.0,0.144,0.664,124.997,148253
05uSQdqw6XEKATvEjIccvF,0.852,0.727,11,-6.777,1,0.344,0.338,0.0,0.138,0.519,124.937,147453
5el1yANyqhFWsjLWGYpcTZ,0.83,0.535,1,-5.223,1,0.282,0.152,0.0,0.181,0.591,84.053,162448
7iUtQNMRB8ZkKC4AmEuCJC,0.8,0.738,7,-4.26,1,0.0691,0.372,0.00877,0.19,0.267,103.008,174230
139mO3ryLnLwrO5hQMgWqM,0.775,0.742,8,-4.398,1,0.247,0.48,1.33e-05,0.109,0.421,179.909,141863
4y8sLI9EIF4qqtYsh4bLt2,0.469,0.428,1,-12.227,1,0.117,0.206,0.000202,0.194,0.387,82.434,209020
42GdmVD7o52l9mJwxCgB4m,0.711,0.473,7,-11.48,1,0.0934,0.0544,0.023,0.0874,0.456,159.967,209250
2D8Ej9Rg7A0r4DIdABRDC9,0.699,0.513,9,-11.182,0,0.148,0.257,3.66e-06,0.154,0.437,140.033,240121
4c4wkkPUrxovFV6UEXbzJw,0.672,0.802,10,-6.022,0,0.408,0.299,0.0,0.0772,0.528,94.605,224842
66jVUZz5cTD52pOfJumq8Y,0.658,0.791,4,-6.286,0,0.441,0.163,0.0,0.101,0.691,127.438,163827
5GXr7TbO92DS1UV2qWVHRk,0.566,0.814,1,-6.855,1,0.379,0.129,0.0,0.0823,0.424,93.439,196250
1rddN3DZehbcQnFJt1OJgj,0.511,0.19,1,-10.823,1,0.0321,0.846,0.809,0.0915,0.0882,113.161,214305
5GsT7Z8h4PL3TPtWm3Maki,0.0,0.307,6,-9.69,0,0.0,0.88,0.00196,0.198,0.0,0.0,35449
6mAeGdW84GeUmhRLrvUSN3,0.828,0.678,1,-7.326,0,0.0385,0.389,0.203,0.129,0.569,135.011,388031
6nMcFbC4ZuenKtbnB1cb2B,0.741,0.4,11,-13.711,0,0.0936,0.0207,0.000195,0.211,0.168,139.928,150857
4dJeqOIK9L3QkvhQRFui2C,0.478,0.64,8,-8.243,0,0.399,0.109,0.0,0.0941,0.3,175.787,141818
3OYpEQ2sg7FdPT2Cx1JXI8,0.616,0.607,1,-7.704,1,0.263,0.0972,0.0,0.308,0.137,155.939,249336
0V0jxLGonu3pJV6hOl8CSK,0.658,0.632,8,-8.492,1,0.0298,0.748,7.33e-05,0.169,0.464,135.924,194277
4OZoyD5m8Mrc0CMsAxBCU6,0.622,0.666,5,-10.786,1,0.0423,0.641,8.63e-05,0.513,0.52,126.934,226757
6rVxvys4tcXsNuw2xoKsLl,0.809,0.664,0,-7.265,1,0.0373,0.429,1.55e-06,0.131,0.374,116.996,245814
2149chxnOznJEkl48daman,0.912,0.713,7,-5.28,1,0.0872,0.29,0.0,0.0538,0.635,95.993,212500
6XN4R0OzYmKIqxmsAsJDb2,0.743,0.758,11,-5.934,0,0.242,0.15,0.00636,0.22,0.252,104.063,170790
0ETFlfGNcS8jTCRSJ5GGJb,0.89,0.793,2,-6.77,1,0.204,0.131,9.18e-05,0.136,0.552,102.111,127660
58qHcdixuDZDmuZcg0oHiu,0.805,0.792,7,-4.825,1,0.0504,0.118,0.0,0.0838,0.392,92.004,192933
12aAhvQ0hmy13QOoyz0v27,0.793,0.55,7,-6.756,0,0.164,0.469,1.05e-05,0.227,0.619,95.034,197253
4m1QFmGxyMJPAJwwxlc8RM,0.848,0.706,0,-4.558,1,0.11,0.0606,2.27e-06,0.109,0.959,79.997,187307
55pFCl5KEujRtLwN0YjKsT,0.595,0.862,0,-6.589,1,0.0591,0.00798,0.963,0.0934,0.0936,148.032,314461
7F2RuqJDm1YqQsW7s9atsi,0.662,0.746,1,-5.271,0,0.264,0.0695,0.0,0.201,0.845,150.001,131200
0qaQUUQ0iErM6orbrCxarb,0.64,0.947,4,-6.062,0,0.222,0.324,5.43e-05,0.34,0.437,169.995,127059
29zewkoviEPp1CUTbEYHzj,0.61,0.601,6,-13.215,0,0.0929,0.399,0.0,0.363,0.611,150.043,239900
6fIqtKyXjMagexuPtR6XFj,0.613,0.558,11,-10.147,0,0.298,0.668,0.0192,0.374,0.157,100.191,153600
0kdl4qQX8LRDXUTVMUphHY,0.787,0.467,1,-14.418,1,0.292,0.00138,0.0,0.143,0.642,96.012,130000
5uz8Zdlzsh6Wl27VTejEvx,0.79,0.782,8,-7.412,1,0.36,0.62,0.0,0.147,0.909,87.366,234000
5g2v1pwkst6MKguVZoG35W,0.639,0.871,7,-5.28,1,0.338,0.924,0.0,0.212,0.921,149.788,190000
1uGcGsEpBGekvxExZ47wQX,0.689,0.68,10,-7.253,0,0.366,0.201,0.0,0.168,0.389,96.277,224500
7gm5LLxaA102SeWfKTuaK2,0.84,0.708,10,-6.857,1,0.0407,0.0995,0.091,0.0948,0.565,144.981,202994
2kkX873yMVVNdJo265THFV,0.564,0.621,3,-9.004,0,0.216,0.148,0.00226,0.103,0.557,147.34,77800
3lIBoXKtT4tlO9WMwZAp1H,0.643,0.49,9,-8.894,0,0.0847,0.731,0.000142,0.0584,0.203,143.009,195724
1NoxZc2x2Y7eX1U5wHj6hr,0.579,0.558,4,-10.443,0,0.0274,0.709,0.738,0.108,0.16,138.015,172844
0GQW2gDyxgT5IsNEM4osbJ,0.667,0.546,1,-8.633,0,0.0342,0.109,0.131,0.1,0.0892,131.986,284552
0hUU81fjvfcvaiCCN51oRy,0.507,0.75,9,-8.829,1,0.0574,0.271,0.516,0.189,0.169,141.035,300122
1W20w6Ti92iL6LqIIQxGmR,0.343,0.989,5,-13.019,0,0.0582,0.753,0.932,0.512,0.0274,67.726,28235
2ENoF2yuexGf3yTkbgQQeq,0.437,0.673,5,-9.08,0,0.125,0.42,0.00402,0.256,0.163,135.574,176471
23zMSsHQKp8YU6jDDmADtC,0.447,0.725,9,-9.015,0,0.075,0.834,0.0249,0.712,0.247,79.933,184000
1q3BHNnJAB38A7Ul7yFDqO,0.57,0.762,6,-3.564,1,0.441,0.217,0.0,0.109,0.636,163.668,170653
1j7X63AeIyn2UAuwJBHab8,0.78,0.798,6,-3.989,0,0.0807,0.0844,0.0,0.256,0.709,93.032,186813
0kSFwNLwCVyVprf64CDAEg,0.713,0.734,10,-5.052,0,0.328,0.263,0.0,0.113,0.708,135.625,169653
4e89JxUaHvgjiUDuS4fofq,0.428,0.828,0,-4.129,1,0.34,0.174,0.0,0.197,0.475,79.845,219970
45UBCVEHa86rK511WeEk65,0.778,0.939,7,-5.205,1,0.128,0.0546,0.00155,0.0632,0.179,149.974,132748
23Fn6rNfE1PQCS8yb94W5C,0.579,0.95,5,-3.354,0,0.131,0.0402,0.000118,0.318,0.644,170.009,175771
1mEzclIplr0SwVwOFTCdcS,0.734,0.703,5,-4.814,0,0.111,0.000207,0.904,0.0558,0.409,74.99,345887
1hQQ7m8O4BoAicAMdq42qU,0.814,0.788,9,-4.632,0,0.0587,0.000673,0.0817,0.243,0.536,150.035,371357
3z3gm6BAAN1155vIb68fAN,0.598,0.803,0,-4.142,1,0.0533,7.07e-05,0.761,0.398,0.314,75.021,333061
0pQ8izqY8iR9D07whsUfeZ,0.722,0.879,2,-5.447,1,0.0805,0.000339,0.904,0.0886,0.349,154.995,315876
4FR4cTQWSRfux7XajfSDuy,0.775,0.611,4,-7.041,1,0.174,0.481,2.06e-05,0.0805,0.866,174.091,194575
2VKthMdu47aIGDtYOp7MLt,0.683,0.667,7,-8.049,1,0.0647,0.74,0.0236,0.0801,0.865,78.932,271636
0aqReWmD6YOeWq3ZScgEsF,0.808,0.589,2,-8.572,1,0.0854,0.122,0.109,0.296,0.638,102.023,196665
